frame,time,team,player,screen_x,screen_y,pitch_x,pitch_y,in_pitch,track_id
0,0.0,з·‘,з·‘1,1549.4,750.8,101.944,32.565,1,1
1,0.042,з·‘,з·‘1,1548.4,751.1,101.809,32.666,1,1
2,0.083,з·‘,з·‘1,1546.9,751.2,101.663,32.704,1,1
3,0.125,з·‘,з·‘1,1545.7,751.4,101.525,32.77,1,1
4,0.167,з·‘,з·‘1,1544.2,751.4,101.388,32.794,1,1
5,0.208,й»’,й»’3,1542.6,751.5,101.24,32.824,1,1
6,0.25,й»’,й»’3,1540.9,751.5,101.1,32.821,1,1
7,0.292,й»’,й»’3,1538.8,751.4,100.937,32.805,1,1
8,0.333,й»’,й»’3,1537.0,751.5,100.783,32.814,1,1
9,0.375,й»’,й»’3,1535.3,751.4,100.649,32.795,1,1
10,0.417,й»’,й»’3,1534.4,751.8,100.499,32.934,1,1
11,0.458,й»’,й»’3,1532.6,752.1,100.29,33.065,1,1
12,0.5,й»’,й»’3,1531.0,752.5,100.095,33.187,1,1
13,0.542,й»’,й»’3,1529.2,752.3,99.974,33.12,1,1
14,0.584,й»’,й»’3,1527.8,752.4,99.83,33.182,1,1
15,0.625,й»’,й»’3,1525.9,752.7,99.627,33.278,1,1
16,0.667,й»’,й»’3,1523.4,752.6,99.44,33.229,1,1
17,0.709,й»’,й»’3,1520.7,752.7,99.192,33.277,1,1
18,0.75,й»’,й»’3,1518.3,752.9,98.961,33.352,1,1
19,0.792,й»’,й»’3,1516.1,752.9,98.774,33.36,1,1
20,0.834,й»’,й»’3,1515.0,752.8,98.691,33.339,1,1
21,0.875,й»’,й»’3,1513.7,752.5,98.632,33.233,1,1
22,0.917,й»’,й»’3,1512.0,752.3,98.525,33.16,1,1
23,0.959,й»’,й»’3,1510.2,752.4,98.363,33.191,1,1
24,1.0,й»’,й»’3,1508.5,752.9,98.128,33.377,1,1
25,1.042,й»’,й»’3,1506.9,753.2,97.953,33.477,1,1
26,1.084,й»’,й»’3,1505.1,753.1,97.808,33.463,1,1
27,1.125,й»’,й»’3,1503.1,753.2,97.626,33.491,1,1
28,1.167,й»’,й»’3,1500.9,753.3,97.435,33.509,1,1
29,1.209,й»’,й»’3,1499.2,753.3,97.294,33.522,1,1
30,1.25,й»’,й»’3,1497.6,753.3,97.152,33.54,1,1
31,1.292,й»’,й»’3,1496.0,753.4,97.003,33.568,1,1
32,1.334,й»’,й»’3,1494.4,753.9,96.788,33.741,1,1
33,1.375,й»’,й»’3,1492.8,754.1,96.627,33.813,1,1
34,1.417,й»’,й»’3,1492.0,754.2,96.535,33.869,1,1
35,1.459,й»’,й»’3,1491.1,754.2,96.465,33.856,1,1
36,1.5,й»’,й»’3,1489.6,754.5,96.294,33.957,1,1
37,1.542,й»’,й»’3,1487.8,754.5,96.141,33.962,1,1
38,1.584,й»’,й»’3,1486.3,754.4,96.029,33.931,1,1
39,1.626,й»’,й»’3,1485.0,754.3,95.941,33.899,1,1
40,1.667,й»’,й»’3,1483.9,754.4,95.825,33.951,1,1
41,1.709,й»’,й»’3,1482.4,754.8,95.647,34.073,1,1
42,1.751,й»’,й»’3,1481.4,755.0,95.525,34.149,1,1
43,1.792,й»’,й»’3,1480.4,755.2,95.408,34.225,1,1
44,1.834,й»’,й»’3,1479.4,755.2,95.329,34.229,1,1
45,1.876,й»’,й»’3,1478.9,755.1,95.292,34.209,1,1
46,1.917,й»’,й»’3,1478.0,755.1,95.219,34.21,1,1
47,1.959,й»’,й»’3,1477.0,755.2,95.134,34.218,1,1
48,2.001,й»’,й»’3,1476.4,755.0,95.104,34.179,1,1
49,2.042,й»’,й»’3,1475.8,755.6,94.971,34.362,1,1
50,2.084,й»’,й»’3,1475.2,756.0,94.862,34.501,1,1
51,2.126,й»’,й»’3,1474.4,756.2,94.757,34.584,1,1
52,2.167,й»’,й»’3,1473.8,756.0,94.73,34.535,1,1
53,2.209,й»’,й»’3,1473.1,755.9,94.694,34.48,1,1
54,2.251,й»’,й»’3,1472.5,756.0,94.621,34.529,1,1
55,2.292,й»’,й»’3,1471.9,756.1,94.564,34.551,1,1
56,2.334,й»’,й»’3,1471.1,756.3,94.459,34.638,1,1
57,2.376,й»’,й»’3,1470.4,756.4,94.395,34.661,1,1
58,2.417,й»’,й»’3,1470.0,756.3,94.364,34.643,1,1
59,2.459,й»’,й»’3,1469.4,756.4,94.305,34.669,1,1
60,2.501,й»’,й»’3,1468.9,756.5,94.246,34.716,1,1
61,2.542,й»’,й»’3,1468.5,756.6,94.2,34.734,1,1
62,2.584,й»’,й»’3,1467.6,756.4,94.169,34.654,1,1
63,2.626,й»’,й»’3,1466.7,756.2,94.122,34.584,1,1
64,2.668,й»’,й»’3,1465.8,755.9,94.08,34.506,1,1
65,2.709,й»’,й»’3,1464.8,755.8,94.027,34.446,1,1
66,2.751,й»’,й»’3,1463.9,755.9,93.924,34.513,1,1
67,2.793,й»’,й»’3,1463.0,756.5,93.773,34.697,1,1
68,2.834,й»’,й»’3,1461.9,757.0,93.595,34.895,1,1
69,2.876,й»’,й»’3,1461.1,757.3,93.48,34.992,1,1
70,2.918,й»’,й»’3,1460.3,757.6,93.378,35.08,1,1
71,2.959,й»’,й»’3,1459.4,757.9,93.257,35.188,1,1
72,3.001,й»’,й»’3,1458.9,758.1,93.186,35.261,1,1
73,3.043,й»’,й»’3,1458.1,758.2,93.106,35.299,1,1
74,3.084,й»’,й»’3,1457.3,758.1,93.045,35.283,1,1
75,3.126,й»’,й»’3,1456.8,758.0,93.017,35.254,1,1
76,3.168,й»’,й»’3,1456.2,758.1,92.969,35.264,1,1
77,3.209,й»’,й»’3,1455.5,758.1,92.903,35.272,1,1
78,3.251,й»’,й»’3,1454.8,758.0,92.858,35.251,1,1
79,3.293,й»’,й»’3,1454.1,758.1,92.78,35.287,1,1
80,3.334,й»’,й»’3,1453.1,758.1,92.711,35.27,1,1
81,3.376,й»’,й»’3,1452.2,758.0,92.645,35.251,1,1
82,3.418,й»’,й»’3,1451.1,758.1,92.546,35.27,1,1
83,3.459,й»’,й»’3,1450.3,758.3,92.446,35.35,1,1
84,3.501,й»’,й»’3,1449.7,758.7,92.328,35.507,1,1
85,3.543,й»’,й»’3,1449.2,758.8,92.29,35.513,1,1
86,3.584,й»’,й»’3,1449.1,758.5,92.311,35.431,1,1
87,3.626,й»’,й»’3,1448.5,758.7,92.241,35.485,1,1
88,3.668,й»’,й»’3,1447.8,758.6,92.19,35.474,1,1
89,3.71,й»’,й»’3,1447.2,758.4,92.174,35.388,1,1
90,3.751,й»’,й»’3,1446.4,758.4,92.117,35.378,1,1
91,3.793,й»’,й»’3,1446.0,758.5,92.054,35.439,1,1
92,3.835,й»’,й»’3,1445.6,758.8,91.988,35.522,1,1
93,3.876,й»’,й»’3,1445.1,758.8,91.948,35.523,1,1
94,3.918,й»’,й»’3,1444.5,759.1,91.852,35.634,1,1
95,3.96,й»’,й»’3,1443.7,759.2,91.768,35.689,1,1
96,4.001,й»’,й»’3,1442.9,759.4,91.68,35.741,1,1
97,4.043,й»’,й»’3,1442.5,759.6,91.618,35.802,1,1
98,4.085,й»’,й»’3,1441.7,759.5,91.56,35.787,1,1
99,4.126,й»’,й»’3,1441.3,759.7,91.498,35.852,1,1
100,4.168,й»’,й»’3,1441.0,760.0,91.435,35.946,1,1
101,4.21,й»’,й»’3,1440.5,760.4,91.337,36.086,1,1
102,4.251,й»’,й»’3,1439.6,760.5,91.25,36.128,1,1
103,4.293,й»’,й»’3,1438.7,760.6,91.17,36.147,1,1
104,4.335,й»’,й»’3,1438.0,760.4,91.13,36.103,1,1
105,4.376,й»’,й»’3,1437.7,760.3,91.123,36.054,1,1
106,4.418,й»’,й»’3,1437.3,760.5,91.056,36.133,1,1
107,4.46,й»’,й»’3,1436.8,760.6,91.011,36.144,1,1
108,4.501,й»’,й»’3,1436.3,760.6,90.968,36.151,1,1
109,4.543,й»’,й»’3,1435.6,760.5,90.918,36.143,1,1
110,4.585,й»’,й»’3,1434.7,760.6,90.83,36.177,1,1
111,4.626,й»’,й»’3,1434.0,760.7,90.768,36.197,1,1
112,4.668,й»’,й»’3,1433.4,760.8,90.707,36.218,1,1
113,4.71,й»’,й»’3,1433.0,760.8,90.661,36.246,1,1
114,4.752,й»’,й»’3,1432.7,760.8,90.645,36.225,1,1
115,4.793,й»’,й»’3,1432.5,761.1,90.592,36.333,1,1
116,4.835,й»’,й»’3,1432.5,761.4,90.542,36.442,1,1
117,4.877,й»’,й»’3,1432.4,761.7,90.493,36.552,1,1
118,4.918,й»’,й»’3,1432.3,762.5,90.375,36.812,1,1
119,4.96,й»’,й»’3,1432.3,762.9,90.324,36.946,1,1
120,5.002,й»’,й»’3,1432.4,763.1,90.297,37.023,1,1
121,5.043,й»’,й»’3,1432.5,763.5,90.25,37.149,1,1
122,5.085,й»’,й»’3,1432.6,763.6,90.246,37.19,1,1
123,5.127,й»’,й»’3,1432.7,763.9,90.215,37.275,1,1
124,5.168,й»’,й»’3,1432.7,764.1,90.184,37.35,1,1
125,5.21,й»’,й»’3,1432.6,764.4,90.144,37.439,1,1
126,5.252,й»’,й»’3,1432.7,764.4,90.153,37.437,1,1
127,5.293,й»’,й»’3,1432.9,764.1,90.202,37.353,1,1
128,5.335,й»’,й»’3,1433.0,764.4,90.176,37.431,1,1
129,5.377,й»’,й»’3,1432.9,764.3,90.179,37.413,1,1
130,5.418,й»’,й»’3,1433.0,764.5,90.16,37.468,1,1
131,5.46,й»’,й»’3,1433.0,764.9,90.109,37.602,1,1
132,5.502,й»’,й»’3,1432.8,765.0,90.073,37.647,1,1
133,5.543,й»’,й»’3,1432.5,765.1,90.036,37.687,1,1
134,5.585,й»’,й»’3,1432.5,765.1,90.041,37.665,1,1
135,5.627,й»’,й»’3,1432.5,765.1,90.037,37.677,1,1
136,5.668,й»’,й»’3,1432.6,765.1,90.05,37.671,1,1
137,5.71,й»’,й»’3,1433.1,765.2,90.073,37.7,1,1
138,5.752,й»’,й»’3,1433.4,765.2,90.103,37.694,1,1
139,5.794,й»’,й»’3,1433.9,765.1,90.149,37.68,1,1
140,5.835,й»’,й»’3,1434.2,765.2,90.163,37.707,1,1
141,5.877,й»’,й»’3,1434.4,765.2,90.17,37.714,1,1
142,5.919,й»’,й»’3,1434.5,765.3,90.176,37.725,1,1
143,5.96,й»’,й»’3,1434.7,765.0,90.219,37.648,1,1
144,6.002,й»’,й»’3,1434.9,764.7,90.279,37.542,1,1
145,6.044,й»’,й»’3,1435.6,764.6,90.352,37.51,1,1
146,6.085,й»’,й»’3,1436.6,764.5,90.446,37.472,1,1
147,6.127,й»’,й»’3,1437.7,764.4,90.548,37.443,1,1
148,6.169,й»’,й»’3,1438.9,764.1,90.679,37.348,1,1
149,6.21,й»’,й»’3,1439.6,764.2,90.731,37.358,1,1
150,6.252,й»’,й»’3,1440.7,764.4,90.793,37.421,1,1
151,6.294,й»’,й»’3,1441.4,764.5,90.83,37.469,1,1
152,6.335,й»’,й»’3,1441.7,764.2,90.896,37.368,1,1
153,6.377,й»’,й»’3,1442.1,763.9,90.965,37.281,1,1
154,6.419,й»’,й»’3,1442.4,764.0,90.99,37.285,1,1
155,6.46,й»’,й»’3,1442.9,763.6,91.078,37.162,1,1
156,6.502,й»’,й»’3,1443.4,763.6,91.12,37.163,1,1
157,6.544,й»’,й»’3,1443.9,763.6,91.156,37.165,1,1
158,6.585,й»’,й»’3,1444.5,764.1,91.138,37.332,1,1
159,6.627,й»’,й»’3,1445.0,764.2,91.166,37.358,1,1
160,6.669,й»’,й»’3,1445.4,764.3,91.186,37.382,1,1
161,6.71,й»’,й»’3,1445.9,764.2,91.238,37.356,1,1
162,6.752,й»’,й»’3,1446.4,764.1,91.294,37.314,1,1
163,6.794,й»’,й»’3,1447.1,764.2,91.336,37.353,1,1
164,6.836,й»’,й»’3,1447.7,764.5,91.342,37.444,1,1
165,6.877,й»’,й»’3,1448.1,764.7,91.347,37.52,1,1
166,6.919,й»’,й»’3,1448.1,764.5,91.365,37.464,1,1
167,6.961,й»’,й»’3,1448.2,764.6,91.37,37.481,1,1
168,7.002,й»’,й»’3,1448.4,764.5,91.39,37.471,1,1
169,7.044,й»’,й»’3,1448.7,764.6,91.402,37.499,1,1
170,7.086,й»’,й»’3,1449.4,764.6,91.456,37.503,1,1
171,7.127,й»’,й»’3,1450.4,764.7,91.523,37.538,1,1
172,7.169,й»’,й»’3,1451.2,764.8,91.578,37.554,1,1
173,7.211,й»’,й»’3,1451.8,764.6,91.647,37.5,1,1
174,7.252,й»’,й»’3,1452.1,764.7,91.661,37.517,1,1
175,7.294,й»’,й»’3,1452.5,764.7,91.696,37.514,1,1
176,7.336,й»’,й»’3,1452.9,764.7,91.729,37.509,1,1
177,7.377,й»’,й»’3,1453.2,764.8,91.74,37.546,1,1
178,7.419,й»’,й»’3,1453.6,764.9,91.755,37.577,1,1
179,7.461,й»’,й»’3,1454.2,765.0,91.785,37.616,1,1
180,7.502,й»’,й»’3,1454.7,765.0,91.835,37.6,1,1
181,7.544,й»’,й»’3,1455.1,764.9,91.876,37.585,1,1
182,7.586,й»’,й»’3,1455.6,764.5,91.974,37.437,1,1
183,7.627,й»’,й»’3,1456.1,764.1,92.073,37.303,1,1
184,7.669,й»’,й»’3,1456.6,763.8,92.157,37.214,1,1
185,7.711,й»’,й»’3,1457.0,763.5,92.223,37.118,1,1
186,7.752,й»’,й»’3,1457.4,763.0,92.337,36.939,1,1
187,7.794,й»’,й»’3,1457.9,762.1,92.505,36.647,1,1
188,7.836,й»’,й»’3,1458.5,761.7,92.616,36.503,1,1
189,7.878,й»’,й»’3,1459.2,761.4,92.707,36.42,1,1
190,7.919,й»’,й»’3,1460.0,761.4,92.784,36.394,1,1
191,7.961,й»’,й»’3,1460.6,761.4,92.83,36.401,1,1
192,8.003,й»’,й»’3,1461.0,761.4,92.853,36.415,1,1
193,8.044,й»’,й»’3,1461.2,761.5,92.862,36.44,1,1
194,8.086,й»’,й»’3,1461.4,761.5,92.868,36.447,1,1
195,8.128,й»’,й»’3,1461.7,761.5,92.897,36.447,1,1
196,8.169,й»’,й»’3,1462.0,761.5,92.929,36.432,1,1
197,8.211,й»’,й»’3,1462.5,761.3,92.994,36.367,1,1
198,8.253,й»’,й»’3,1463.1,761.2,93.068,36.318,1,1
199,8.294,й»’,й»’3,1464.1,761.1,93.155,36.293,1,1
200,8.336,й»’,й»’3,1464.6,760.9,93.223,36.232,1,1
201,8.378,й»’,й»’3,1465.0,760.8,93.265,36.208,1,1
202,8.419,й»’,й»’3,1465.3,760.7,93.308,36.165,1,1
203,8.461,й»’,й»’3,1465.5,760.6,93.337,36.142,1,1
204,8.503,й»’,й»’3,1465.6,760.4,93.38,36.068,1,1
205,8.544,й»’,й»’3,1465.6,760.5,93.363,36.096,1,1
206,8.586,й»’,й»’3,1465.6,760.8,93.325,36.191,1,1
207,8.628,й»’,й»’3,1465.5,760.8,93.316,36.194,1,1
208,8.669,й»’,й»’3,1465.2,760.2,93.381,35.986,1,1
209,8.711,й»’,й»’3,1464.8,759.8,93.414,35.843,1,1
210,8.753,й»’,й»’3,1464.5,759.7,93.407,35.806,1,1
211,8.794,й»’,й»’3,1464.4,759.6,93.403,35.794,1,1
212,8.836,й»’,й»’3,1464.2,759.6,93.395,35.778,1,1
213,8.878,й»’,й»’3,1464.1,759.7,93.363,35.829,1,1
214,8.92,й»’,й»’3,1464.0,760.2,93.284,35.978,1,1
215,8.961,й»’,й»’3,1463.8,760.6,93.205,36.121,1,1
216,9.003,й»’,й»’3,1463.6,761.1,93.112,36.301,1,1
217,9.045,й»’,й»’3,1463.4,761.3,93.074,36.357,1,1
218,9.086,й»’,й»’3,1463.2,761.2,93.059,36.346,1,1
219,9.128,й»’,й»’3,1462.9,761.3,93.026,36.378,1,1
220,9.17,й»’,й»’3,1462.7,761.4,92.997,36.4,1,1
221,9.211,й»’,й»’3,1462.6,761.4,92.986,36.407,1,1
222,9.253,й»’,й»’3,1462.6,761.4,92.984,36.414,1,1
223,9.295,й»’,й»’3,1462.6,761.4,92.987,36.408,1,1
224,9.336,й»’,й»’3,1462.5,761.4,92.981,36.399,1,1
225,9.378,й»’,й»’3,1462.4,761.4,92.969,36.409,1,1
226,9.42,й»’,й»’3,1462.3,761.4,92.966,36.401,1,1
227,9.461,й»’,й»’3,1462.2,761.4,92.948,36.418,1,1
228,9.503,й»’,й»’3,1462.0,761.5,92.932,36.421,1,1
229,9.545,й»’,й»’3,1461.9,761.4,92.925,36.418,1,1
230,9.586,й»’,й»’3,1461.9,761.3,92.943,36.383,1,1
231,9.628,й»’,й»’3,1462.0,761.2,92.962,36.343,1,1
232,9.67,й»’,й»’3,1461.9,761.3,92.955,36.359,1,1
233,9.711,й»’,й»’3,1461.8,761.3,92.933,36.384,1,1
234,9.753,й»’,й»’3,1461.7,761.4,92.912,36.408,1,1
235,9.795,й»’,й»’3,1461.4,761.4,92.882,36.416,1,1
236,9.836,й»’,й»’3,1461.3,761.5,92.863,36.441,1,1
237,9.878,й»’,й»’3,1461.1,761.6,92.837,36.467,1,1
238,9.92,й»’,й»’3,1461.0,762.2,92.739,36.672,1,1
239,9.961,й»’,й»’3,1460.9,762.3,92.708,36.725,1,1
240,10.003,й»’,й»’3,1460.9,762.8,92.641,36.883,1,1
241,10.045,й»’,й»’3,1460.9,763.4,92.559,37.069,1,1
242,10.087,й»’,й»’3,1460.9,763.6,92.523,37.145,1,1
243,10.128,й»’,й»’3,1460.8,763.7,92.506,37.167,1,1
244,10.17,й»’,й»’3,1460.7,763.7,92.499,37.172,1,1
245,10.212,й»’,й»’3,1460.7,763.7,92.492,37.185,1,1
246,10.253,й»’,й»’3,1460.7,763.8,92.487,37.198,1,1
247,10.295,й»’,й»’3,1460.7,763.6,92.512,37.147,1,1
248,10.337,й»’,й»’3,1460.7,763.6,92.503,37.16,1,1
249,10.378,й»’,й»’3,1460.6,763.7,92.49,37.181,1,1
250,10.42,й»’,й»’3,1460.6,764.0,92.449,37.263,1,1
251,10.462,й»’,й»’3,1460.5,764.5,92.371,37.435,1,1
252,10.503,й»’,й»’3,1460.5,765.0,92.295,37.607,1,1
253,10.545,й»’,й»’3,1460.5,765.7,92.185,37.855,1,1
254,10.587,й»’,й»’3,1460.5,765.9,92.157,37.919,1,1
255,10.628,й»’,й»’3,1460.5,766.2,92.123,37.999,1,1
256,10.67,й»’,й»’3,1460.6,766.5,92.086,38.098,1,1
257,10.712,й»’,й»’3,1460.6,766.7,92.055,38.165,1,1
258,10.753,й»’,й»’3,1460.7,766.7,92.057,38.181,1,1
259,10.795,й»’,й»’3,1460.8,766.7,92.079,38.157,1,1
260,10.837,й»’,й»’3,1461.0,766.7,92.078,38.182,1,1
261,10.878,й»’,й»’3,1461.1,767.0,92.054,38.255,1,1
262,10.92,й»’,й»’3,1461.1,767.0,92.05,38.273,1,1
263,10.962,й»’,й»’3,1461.2,767.0,92.053,38.279,1,1
264,11.003,й»’,й»’3,1461.2,767.1,92.044,38.299,1,1
265,11.045,й»’,й»’3,1461.2,767.0,92.064,38.25,1,1
266,11.087,й»’,й»’3,1460.9,767.1,92.022,38.308,1,1
267,11.129,й»’,й»’3,1460.7,767.2,92.0,38.323,1,1
268,11.17,й»’,й»’3,1460.4,767.2,91.965,38.334,1,1
269,11.212,й»’,й»’3,1459.7,767.4,91.887,38.398,1,1
270,11.254,й»’,й»’3,1459.1,767.5,91.819,38.434,1,1
271,11.295,й»’,й»’3,1458.7,767.5,91.785,38.441,1,1
272,11.337,й»’,й»’3,1458.4,767.6,91.757,38.462,1,1
273,11.379,й»’,й»’3,1458.3,767.6,91.748,38.46,1,1
274,11.42,й»’,й»’3,1457.9,767.5,91.724,38.444,1,1
275,11.462,й»’,й»’3,1457.7,767.5,91.714,38.437,1,1
276,11.504,й»’,й»’3,1457.6,767.6,91.691,38.464,1,1
277,11.545,й»’,й»’3,1457.2,767.7,91.652,38.482,1,1
278,11.587,й»’,й»’3,1456.8,767.6,91.632,38.457,1,1
279,11.629,й»’,й»’3,1456.3,767.5,91.607,38.424,1,1
280,11.67,й»’,й»’3,1455.7,767.3,91.586,38.356,1,1
281,11.712,й»’,й»’3,1455.3,767.5,91.518,38.436,1,1
282,11.754,й»’,й»’3,1454.9,767.6,91.479,38.462,1,1
283,11.795,й»’,й»’3,1454.6,768.3,91.352,38.694,1,1
284,11.837,й»’,й»’3,1454.1,768.9,91.239,38.873,1,1
285,11.879,й»’,й»’3,1453.6,768.8,91.206,38.853,1,1
286,11.92,й»’,й»’3,1452.9,768.2,91.236,38.662,1,1
287,11.962,й»’,й»’3,1452.2,768.1,91.193,38.626,1,1
288,12.004,й»’,й»’3,1451.4,768.1,91.128,38.642,1,1
289,12.045,й»’,й»’3,1450.9,768.5,91.029,38.774,1,1
290,12.087,й»’,й»’3,1450.3,768.9,90.928,38.897,1,1
291,12.129,й»’,й»’3,1449.8,769.2,90.863,38.971,1,1
292,12.171,й»’,й»’3,1449.5,769.1,90.84,38.963,1,1
293,12.212,й»’,й»’3,1449.2,769.1,90.817,38.962,1,1
294,12.254,й»’,й»’3,1448.7,769.1,90.776,38.962,1,1
295,12.296,й»’,й»’3,1447.8,769.1,90.715,38.942,1,1
296,12.337,й»’,й»’3,1447.1,769.1,90.657,38.955,1,1
297,12.379,й»’,й»’3,1446.3,769.2,90.575,38.989,1,1
298,12.421,й»’,й»’3,1445.4,769.4,90.487,39.044,1,1
299,12.462,й»’,й»’3,1444.7,769.5,90.41,39.095,1,1
300,12.504,й»’,й»’3,1444.0,769.3,90.391,39.015,1,1
301,12.546,й»’,й»’3,1443.3,769.2,90.337,39.006,1,1
302,12.587,й»’,й»’3,1442.3,769.1,90.276,38.97,1,1
303,12.629,й»’,й»’3,1441.0,769.2,90.158,39.004,1,1
304,12.671,й»’,й»’3,1440.2,769.3,90.082,39.025,1,1
305,12.712,й»’,й»’3,1439.6,769.5,90.012,39.092,1,1
306,12.754,й»’,й»’3,1439.3,769.7,89.965,39.146,1,1
307,12.796,й»’,й»’3,1439.2,769.8,89.939,39.192,1,1
308,12.837,й»’,й»’3,1439.2,769.9,89.924,39.23,1,1
309,12.879,й»’,й»’3,1439.2,770.0,89.913,39.253,1,1
310,12.921,й»’,й»’3,1439.1,770.0,89.904,39.255,1,1
311,12.962,й»’,й»’3,1438.6,769.9,89.885,39.209,1,1
312,13.004,й»’,й»’3,1437.9,769.7,89.855,39.145,1,1
313,13.046,й»’,й»’3,1437.1,769.5,89.815,39.099,1,1
314,13.087,й»’,й»’3,1436.4,769.5,89.757,39.104,1,1
315,13.129,й»’,й»’3,1435.5,769.8,89.653,39.185,1,1
316,13.171,й»’,й»’3,1434.8,770.1,89.552,39.296,1,1
317,13.213,й»’,й»’3,1434.3,770.4,89.474,39.389,1,1
318,13.254,й»’,й»’3,1433.3,770.6,89.364,39.458,1,1
319,13.296,й»’,й»’3,1432.5,770.5,89.311,39.433,1,1
320,13.338,й»’,й»’3,1431.6,770.7,89.224,39.483,1,1
321,13.379,й»’,й»’3,1431.0,770.8,89.164,39.517,1,1
322,13.421,й»’,й»’3,1430.6,770.8,89.132,39.526,1,1
323,13.463,й»’,й»’3,1430.4,770.8,89.11,39.528,1,1
324,13.504,й»’,й»’3,1430.1,770.8,89.088,39.523,1,1
325,13.546,й»’,й»’3,1429.7,770.8,89.064,39.509,1,1
326,13.588,й»’,й»’3,1429.2,771.1,88.985,39.609,1,1
327,13.629,й»’,й»’3,1428.7,771.3,88.928,39.664,1,1
328,13.671,й»’,й»’3,1428.4,771.3,88.895,39.679,1,1
329,13.713,й»’,й»’3,1428.2,771.3,88.88,39.675,1,1
330,13.754,й»’,й»’3,1428.1,771.3,88.873,39.67,1,1
331,13.796,й»’,й»’3,1427.7,771.3,88.845,39.674,1,1
332,13.838,й»’,й»’3,1426.9,771.4,88.764,39.706,1,1
333,13.879,й»’,й»’3,1426.3,771.3,88.733,39.682,1,1
334,13.921,й»’,й»’3,1425.5,771.2,88.684,39.644,1,1
335,13.963,й»’,й»’3,1424.9,770.9,88.677,39.542,1,1
336,14.004,й»’,й»’3,1424.0,771.0,88.587,39.585,1,1
337,14.046,й»’,й»’3,1423.3,771.0,88.531,39.593,1,1
338,14.088,й»’,й»’3,1422.5,771.2,88.443,39.669,1,1
339,14.129,й»’,й»’3,1421.7,771.2,88.385,39.648,1,1
340,14.171,й»’,й»’3,1421.2,771.2,88.336,39.671,1,1
341,14.213,й»’,й»’3,1421.0,771.3,88.323,39.674,1,1
342,14.255,й»’,й»’3,1420.7,771.5,88.275,39.74,1,1
343,14.296,й»’,й»’3,1420.3,771.5,88.229,39.766,1,1
344,14.338,й»’,й»’3,1419.4,771.2,88.205,39.654,1,1
345,14.38,й»’,й»’3,1418.3,770.9,88.155,39.554,1,1
346,14.421,й»’,й»’3,1417.3,770.6,88.108,39.482,1,1
347,14.463,й»’,й»’3,1415.5,770.5,87.988,39.426,1,1
348,14.505,й»’,й»’3,1414.4,770.8,87.859,39.541,1,1
349,14.546,й»’,й»’3,1413.7,770.8,87.799,39.547,1,1
350,14.588,й»’,й»’3,1412.7,771.0,87.705,39.589,1,1
351,14.63,й»’,й»’3,1411.5,771.1,87.599,39.633,1,1
352,14.671,й»’,й»’3,1410.6,771.1,87.527,39.631,1,1
353,14.713,й»’,й»’3,1409.8,771.4,87.424,39.744,1,1
354,14.755,й»’,й»’3,1409.3,771.4,87.383,39.733,1,1
355,14.796,й»’,й»’3,1409.3,771.4,87.384,39.737,1,1
356,14.838,й»’,й»’3,1408.7,771.3,87.352,39.698,1,1
357,14.88,й»’,й»’3,1407.4,771.3,87.254,39.699,1,1
358,14.921,й»’,й»’3,1406.2,771.4,87.144,39.727,1,1
359,14.963,й»’,й»’3,1404.9,771.5,87.024,39.782,1,1
360,15.005,й»’,й»’3,1403.7,771.6,86.924,39.808,1,1
361,15.046,й»’,й»’3,1402.8,771.7,86.845,39.825,1,1
362,15.088,й»’,й»’3,1401.7,771.4,86.791,39.751,1,1
363,15.13,й»’,й»’3,1400.2,771.5,86.669,39.762,1,1
364,15.171,й»’,й»’3,1398.7,771.5,86.534,39.793,1,1
365,15.213,й»’,й»’3,1397.6,771.5,86.456,39.785,1,1
366,15.255,й»’,й»’3,1397.1,771.6,86.406,39.821,1,1
367,15.297,й»’,й»’3,1396.8,771.7,86.371,39.835,1,1
368,15.338,й»’,й»’3,1396.5,771.8,86.329,39.887,1,1
369,15.38,й»’,й»’3,1396.0,771.8,86.301,39.87,1,1
370,15.422,й»’,й»’3,1395.0,771.5,86.252,39.781,1,1
371,15.463,й»’,й»’3,1393.8,771.4,86.171,39.751,1,1
373,15.547,й»’,й»’3,1390.9,771.6,85.923,39.821,1,1
374,15.588,й»’,й»’3,1389.8,772.2,85.768,40.002,1,1
375,15.63,й»’,й»’3,1388.5,772.1,85.67,39.986,1,1
376,15.672,й»’,й»’3,1386.8,772.4,85.509,40.075,1,1
377,15.713,й»’,й»’3,1385.6,772.6,85.393,40.136,1,1
378,15.755,й»’,й»’3,1385.0,772.7,85.328,40.174,1,1
379,15.797,й»’,й»’3,1384.5,772.7,85.291,40.179,1,1
380,15.838,й»’,й»’3,1383.9,772.8,85.236,40.2,1,1
381,15.88,й»’,й»’3,1383.3,772.8,85.188,40.196,1,1
382,15.922,й»’,й»’3,1382.2,772.8,85.105,40.202,1,1
383,15.963,й»’,й»’3,1381.0,772.7,85.013,40.181,1,1
384,16.005,й»’,й»’3,1379.2,772.6,84.89,40.15,1,1
385,16.047,й»’,й»’3,1377.6,772.8,84.745,40.204,1,1
386,16.088,й»’,й»’3,1376.6,772.7,84.667,40.194,1,1
387,16.13,й»’,й»’3,1375.3,772.8,84.565,40.209,1,1
388,16.172,й»’,й»’3,1373.6,772.9,84.419,40.239,1,1
389,16.213,й»’,й»’3,1372.4,773.1,84.301,40.317,1,1
390,16.255,й»’,й»’3,1371.7,773.2,84.238,40.339,1,1
391,16.297,й»’,й»’3,1371.5,773.3,84.218,40.362,1,1
392,16.339,й»’,й»’3,1371.0,773.3,84.168,40.375,1,1
393,16.38,й»’,й»’3,1370.5,773.3,84.127,40.391,1,1
394,16.422,й»’,й»’3,1369.5,773.4,84.048,40.395,1,1
395,16.464,й»’,й»’3,1367.8,773.2,83.933,40.34,1,1
396,16.505,й»’,й»’3,1365.8,772.9,83.808,40.267,1,1
397,16.547,й»’,й»’3,1364.4,772.9,83.697,40.257,1,1
398,16.589,й»’,й»’3,1363.0,773.2,83.555,40.367,1,1
399,16.63,й»’,й»’3,1361.9,773.4,83.445,40.432,1,1
400,16.672,й»’,й»’3,1360.2,773.6,83.296,40.488,1,1
401,16.714,й»’,й»’3,1359.0,773.7,83.188,40.524,1,1
402,16.755,й»’,й»’3,1358.1,773.7,83.122,40.505,1,1
403,16.797,й»’,й»’3,1357.2,773.7,83.05,40.513,1,1
404,16.839,й»’,й»’3,1356.7,773.8,83.01,40.534,1,1
405,16.88,й»’,й»’3,1355.7,773.6,82.946,40.481,1,1
406,16.922,й»’,й»’3,1354.2,773.5,82.842,40.46,1,1
407,16.964,й»’,й»’3,1352.0,773.5,82.67,40.458,1,1
408,17.005,й»’,й»’3,1349.9,773.5,82.51,40.453,1,1
409,17.047,й»’,й»’3,1348.2,773.5,82.375,40.449,1,1
410,17.089,й»’,й»’3,1347.0,773.4,82.282,40.447,1,1
411,17.13,й»’,й»’3,1345.9,773.4,82.201,40.442,1,1
412,17.172,й»’,й»’3,1344.2,773.4,82.067,40.439,1,1
413,17.214,й»’,й»’3,1342.9,773.6,81.946,40.503,1,1
414,17.255,й»’,й»’3,1342.4,773.5,81.922,40.468,1,1
415,17.297,й»’,й»’3,1341.7,773.5,81.862,40.466,1,1
416,17.339,й»’,й»’3,1340.1,773.5,81.745,40.464,1,1
417,17.381,й»’,й»’3,1338.4,773.3,81.625,40.411,1,1
418,17.422,й»’,й»’3,1336.0,773.1,81.461,40.353,1,1
419,17.464,й»’,й»’3,1334.7,773.5,81.323,40.468,1,1
420,17.506,й»’,й»’3,1333.7,773.6,81.225,40.515,1,1
421,17.547,й»’,й»’3,1332.5,773.6,81.131,40.518,1,1
422,17.589,й»’,й»’3,1330.7,773.6,80.993,40.528,1,1
423,17.631,й»’,й»’3,1329.5,773.5,80.916,40.481,1,1
424,17.672,й»’,й»’3,1328.7,773.3,80.864,40.442,1,1
425,17.714,й»’,й»’3,1327.5,773.2,80.783,40.395,1,1
426,17.756,й»’,й»’3,1325.9,773.1,80.664,40.382,1,1
427,17.797,й»’,й»’3,1323.7,772.6,80.546,40.218,1,1
428,17.839,й»’,й»’3,1321.9,772.9,80.369,40.316,1,1
429,17.881,й»’,й»’3,1320.6,773.1,80.255,40.368,1,1
430,17.922,й»’,й»’3,1319.2,773.0,80.151,40.339,1,1
431,17.964,й»’,й»’3,1317.7,773.1,80.024,40.376,1,1
432,18.006,й»’,й»’3,1316.3,773.1,79.917,40.377,1,1
433,18.047,й»’,й»’3,1315.4,773.3,79.828,40.439,1,1
434,18.089,й»’,й»’3,1314.8,773.1,79.797,40.388,1,1
435,18.131,й»’,й»’3,1314.0,773.2,79.726,40.414,1,1
436,18.172,й»’,й»’3,1312.6,773.2,79.615,40.428,1,1
437,18.214,й»’,й»’3,1310.7,773.2,79.468,40.413,1,1
438,18.256,й»’,й»’3,1308.3,773.2,79.279,40.411,1,1
439,18.297,й»’,й»’3,1305.5,772.9,79.086,40.339,1,1
440,18.339,й»’,й»’3,1302.9,772.8,78.899,40.294,1,1
441,18.381,й»’,й»’3,1301.2,772.8,78.762,40.301,1,1
442,18.423,й»’,й»’3,1299.8,772.8,78.655,40.297,1,1
443,18.464,й»’,й»’3,1298.3,772.5,78.562,40.213,1,1
444,18.506,й»’,й»’3,1296.3,772.4,78.413,40.188,1,1
445,18.548,й»’,й»’3,1295.3,772.2,78.348,40.139,1,1
446,18.589,й»’,й»’3,1294.0,772.3,78.238,40.165,1,1
447,18.631,й»’,й»’3,1291.7,772.4,78.05,40.183,1,1
448,18.673,й»’,й»’3,1289.5,772.2,77.893,40.13,1,1
449,18.714,й»’,й»’3,1287.1,772.2,77.703,40.151,1,1
450,18.756,й»’,й»’3,1285.7,772.4,77.573,40.211,1,1
451,18.798,й»’,й»’3,1284.2,772.6,77.45,40.249,1,1
452,18.839,й»’,й»’3,1282.7,772.8,77.307,40.319,1,1
453,18.881,й»’,й»’3,1280.8,772.9,77.145,40.377,1,1
454,18.923,й»’,й»’3,1279.6,773.1,77.038,40.416,1,1
455,18.964,й»’,й»’3,1278.4,772.9,76.965,40.35,1,1
456,19.006,й»’,й»’3,1277.0,772.5,76.879,40.254,1,1
457,19.048,й»’,й»’3,1275.5,772.7,76.75,40.303,1,1
458,19.089,й»’,й»’3,1274.0,772.7,76.63,40.3,1,1
460,19.173,й»’,й»’3,1270.6,772.8,76.359,40.347,1,1
461,19.214,й»’,й»’3,1269.2,772.9,76.235,40.384,1,1
462,19.256,й»’,й»’3,1267.5,773.0,76.093,40.408,1,1
463,19.298,й»’,й»’3,1266.0,773.0,75.977,40.426,1,1
464,19.339,й»’,й»’3,1264.9,773.2,75.878,40.478,1,1
465,19.381,й»’,й»’3,1264.1,773.4,75.793,40.547,1,1
466,19.423,й»’,й»’3,1263.2,773.5,75.722,40.568,1,1
467,19.465,й»’,й»’3,1262.5,773.4,75.677,40.527,1,1
468,19.506,й»’,й»’3,1262.0,773.4,75.636,40.532,1,1
469,19.548,й»’,й»’3,1261.5,773.2,75.607,40.474,1,1
470,19.59,й»’,й»’3,1260.7,773.0,75.564,40.42,1,1
471,19.631,й»’,й»’3,1260.0,772.6,75.536,40.294,1,1
472,19.673,й»’,й»’3,1259.1,772.4,75.475,40.247,1,1
473,19.715,й»’,й»’3,1258.1,772.7,75.374,40.341,1,1
474,19.756,й»’,й»’3,1257.4,773.0,75.301,40.412,1,1
475,19.798,й»’,й»’3,1257.1,773.1,75.271,40.444,1,1
476,19.84,й»’,й»’3,1256.6,773.0,75.234,40.438,1,1
477,19.881,й»’,й»’3,1256.1,773.0,75.201,40.431,1,1
478,19.923,й»’,й»’3,1256.0,773.0,75.194,40.41,1,1
