frame,image_x,image_y,pitch_x,pitch_y,is_key
0,976.0,749.4,52.84,32.67,1
1,975.9,749.2,52.83,32.6,0
2,975.8,749.0,52.82,32.54,0
3,975.8,748.9,52.81,32.47,0
4,975.7,748.7,52.8,32.4,0
5,975.6,748.5,52.8,32.34,0
6,975.5,748.4,52.79,32.27,0
7,975.4,748.2,52.78,32.21,0
8,975.4,748.0,52.77,32.14,0
9,975.3,747.8,52.76,32.07,0
10,975.2,747.6,52.76,32.01,0
11,975.1,747.5,52.75,31.94,0
12,975.0,747.3,52.74,31.87,0
13,975.0,747.1,52.73,31.8,0
14,974.9,747.0,52.72,31.74,0
15,974.8,746.8,52.71,31.67,0
16,974.7,746.6,52.71,31.6,0
17,974.7,746.4,52.7,31.53,0
18,974.6,746.2,52.69,31.47,0
19,974.5,746.1,52.68,31.4,0
20,974.4,745.9,52.67,31.33,0
21,974.3,745.7,52.66,31.26,0
22,974.3,745.6,52.66,31.2,0
23,974.2,745.4,52.65,31.13,0
24,974.1,745.2,52.64,31.06,1
25,974.1,746.3,52.65,31.49,1
26,975.5,745.7,52.77,31.25,1
27,975.1,745.7,52.73,31.25,0
28,974.7,745.7,52.7,31.25,0
29,974.3,745.7,52.66,31.25,0
30,973.9,745.7,52.63,31.25,1
31,973.3,744.9,52.57,30.94,1
32,981.5,744.1,53.29,30.62,1
33,989.8,742.6,54.04,30.02,0
34,998.1,741.1,54.79,29.41,1
35,1027.8,742.8,57.45,30.04,0
36,1057.4,744.4,60.08,30.66,1
37,1053.5,744.1,59.74,30.55,0
38,1049.6,743.8,59.39,30.45,0
39,1045.7,743.6,59.05,30.35,0
40,1041.8,743.3,58.71,30.24,1
41,1049.3,743.6,59.37,30.34,0
42,1056.7,743.8,60.03,30.44,0
43,1064.2,744.1,60.69,30.53,1
44,1069.7,743.7,61.19,30.35,0
45,1075.1,743.2,61.69,30.17,0
46,1080.6,742.8,62.2,29.99,0
47,1086.0,742.3,62.7,29.81,0
48,1091.5,741.9,63.21,29.63,1
49,1096.3,742.2,63.63,29.74,0
50,1101.2,742.5,64.05,29.84,0
51,1106.0,742.7,64.47,29.95,0
52,1110.8,743.0,64.89,30.05,1
53,1114.7,742.7,65.25,29.92,0
54,1118.6,742.4,65.62,29.79,0
55,1122.5,742.1,65.98,29.66,0
56,1126.4,741.7,66.35,29.53,0
57,1130.3,741.4,66.71,29.4,0
58,1134.2,741.1,67.08,29.27,0
59,1138.1,740.8,67.45,29.14,1
60,1139.2,741.7,67.5,29.5,1
61,1140.1,744.1,67.45,30.44,0
62,1141.0,746.5,67.4,31.36,0
63,1141.9,748.8,67.35,32.27,0
64,1142.8,751.2,67.3,33.15,1
65,1144.5,752.5,67.38,33.62,0
66,1146.1,753.7,67.46,34.08,0
67,1147.8,755.0,67.53,34.53,0
68,1149.4,756.2,67.61,34.98,0
69,1151.1,757.5,67.68,35.42,0
70,1152.8,758.8,67.75,35.86,0
71,1154.4,760.0,67.83,36.3,0
72,1156.1,761.3,67.9,36.73,1
73,1158.0,762.2,68.01,37.03,0
74,1159.9,763.1,68.12,37.32,0
75,1161.8,763.9,68.23,37.61,0
76,1163.7,764.8,68.34,37.9,0
77,1165.7,765.7,68.45,38.19,0
78,1167.6,766.6,68.56,38.48,0
79,1169.5,767.4,68.66,38.76,0
80,1171.4,768.3,68.77,39.04,0
81,1173.3,769.2,68.88,39.32,1
82,1175.8,769.9,69.03,39.56,0
83,1178.2,770.7,69.19,39.79,0
84,1180.7,771.4,69.35,40.02,1
85,1183.3,773.8,69.41,40.78,0
86,1185.9,776.3,69.48,41.53,1
87,1189.2,776.6,69.72,41.62,1
88,1191.4,777.6,69.84,41.93,0
89,1193.6,778.7,69.95,42.24,0
90,1195.8,779.7,70.06,42.55,0
91,1198.1,780.8,70.17,42.85,0
92,1200.3,781.8,70.28,43.16,0
93,1202.5,782.9,70.39,43.46,0
94,1204.7,783.9,70.5,43.76,1
95,1196.0,786.1,69.72,44.4,0
96,1187.3,788.3,68.95,45.04,0
97,1178.6,790.6,68.19,45.67,0
98,1169.9,792.8,67.44,46.28,0
99,1161.2,795.0,66.71,46.89,0
100,1152.5,797.2,65.98,47.49,0
101,1143.8,799.5,65.27,48.08,0
102,1135.1,801.7,64.57,48.67,0
103,1126.4,803.9,63.87,49.24,1
104,1118.5,806.2,63.24,49.83,0
105,1110.7,808.6,62.63,50.42,0
106,1102.8,810.9,62.02,51.0,0
107,1095.0,813.3,61.42,51.56,0
108,1087.1,815.6,60.83,52.12,1
109,1080.4,817.6,60.33,52.61,0
110,1073.8,819.7,59.84,53.08,0
111,1067.1,821.8,59.36,53.55,0
112,1060.4,823.8,58.88,54.02,0
113,1053.8,825.9,58.41,54.48,0
114,1047.1,827.9,57.94,54.93,0
115,1040.4,830.0,57.48,55.38,0
116,1033.8,832.0,57.03,55.82,0
117,1027.1,834.1,56.58,56.26,0
118,1020.4,836.1,56.13,56.69,0
119,1013.8,838.2,55.7,57.12,0
120,1007.1,840.2,55.26,57.54,1
121,1006.6,841.4,55.23,57.78,0
122,1006.1,842.6,55.19,58.02,1
123,1006.3,841.4,55.21,57.79,0
124,1006.4,840.3,55.22,57.55,0
125,1006.6,839.1,55.23,57.32,1
126,1008.7,838.5,55.37,57.2,0
127,1010.8,838.0,55.51,57.09,0
128,1012.9,837.4,55.64,56.97,0
129,1015.0,836.9,55.78,56.86,0
130,1017.1,836.3,55.92,56.74,0
131,1019.2,835.8,56.06,56.62,0
132,1021.3,835.2,56.19,56.5,1
133,1025.2,834.0,56.45,56.26,0
134,1029.1,832.8,56.72,56.01,0
135,1033.0,831.7,56.98,55.75,0
136,1036.9,830.5,57.25,55.5,0
137,1040.9,829.3,57.51,55.24,0
138,1044.8,828.1,57.78,54.98,0
139,1048.7,827.0,58.06,54.73,0
140,1052.6,825.8,58.33,54.46,0
141,1056.5,824.6,58.6,54.2,1
142,1059.9,823.8,58.84,54.01,0
143,1063.2,822.9,59.08,53.82,0
144,1066.6,822.1,59.32,53.63,1
145,1069.3,822.0,59.5,53.6,0
146,1072.0,821.9,59.69,53.57,0
147,1074.8,821.7,59.87,53.54,0
148,1077.5,821.6,60.06,53.51,1
149,1080.4,820.3,60.28,53.21,0
150,1083.2,819.0,60.5,52.91,0
151,1086.1,817.7,60.72,52.61,0
152,1089.0,816.4,60.94,52.31,1
153,1091.6,815.6,61.13,52.11,0
154,1094.2,814.8,61.33,51.91,0
155,1096.8,813.9,61.53,51.72,0
156,1099.4,813.1,61.73,51.52,1
157,1102.2,812.5,61.93,51.37,0
158,1104.9,811.9,62.14,51.22,0
159,1107.7,811.3,62.35,51.07,0
160,1110.5,810.7,62.56,50.92,0
161,1113.2,810.0,62.76,50.77,0
162,1116.0,809.4,62.97,50.62,0
163,1118.7,808.8,63.18,50.46,0
164,1121.5,808.2,63.4,50.31,1
165,1121.6,803.5,63.54,49.15,0
166,1121.7,798.8,63.69,47.94,0
167,1121.7,794.1,63.85,46.7,0
168,1121.8,789.4,64.01,45.42,1
169,1121.9,788.9,64.03,45.29,0
170,1121.9,788.5,64.05,45.17,0
171,1122.0,788.0,64.07,45.04,0
172,1122.0,787.6,64.09,44.91,0
173,1122.1,787.1,64.11,44.78,0
174,1122.1,786.7,64.13,44.65,0
175,1122.2,786.2,64.15,44.52,0
176,1122.2,785.8,64.17,44.4,0
177,1122.3,785.3,64.19,44.27,1
178,1122.9,782.1,64.35,43.35,0
179,1123.6,779.0,64.51,42.41,0
180,1124.2,775.8,64.68,41.45,1
181,1124.3,775.3,64.7,41.29,0
182,1124.3,774.8,64.73,41.13,0
183,1124.4,774.2,64.75,40.97,0
184,1124.5,773.7,64.78,40.81,0
185,1124.5,773.2,64.8,40.64,0
186,1124.6,772.6,64.83,40.48,0
187,1124.7,772.1,64.86,40.31,0
188,1124.7,771.6,64.88,40.15,0
189,1124.8,771.1,64.91,39.98,0
190,1124.9,770.5,64.93,39.82,0
191,1124.9,770.0,64.96,39.65,0
192,1125.0,769.5,64.99,39.48,1
193,1124.8,766.6,65.08,38.56,0
194,1124.5,763.8,65.18,37.61,1
195,1127.1,762.6,65.44,37.2,0
196,1129.6,761.4,65.7,36.79,0
197,1132.2,760.2,65.97,36.37,0
198,1134.7,759.0,66.24,35.95,0
199,1137.3,757.8,66.51,35.52,0
200,1139.9,756.5,66.78,35.09,0
201,1142.4,755.3,67.06,34.66,0
202,1145.0,754.1,67.34,34.22,0
203,1147.5,752.9,67.62,33.78,0
204,1150.1,751.7,67.9,33.33,1
205,1149.6,752.1,67.84,33.48,0
206,1149.0,752.5,67.77,33.63,0
207,1148.5,752.9,67.7,33.77,0
208,1147.9,753.3,67.63,33.92,0
209,1147.4,753.7,67.57,34.07,1
210,1149.1,753.4,67.73,33.94,0
211,1150.8,753.0,67.89,33.82,0
212,1152.5,752.7,68.05,33.7,0
213,1154.1,752.4,68.21,33.57,0
214,1155.8,752.0,68.38,33.45,0
215,1157.5,751.7,68.54,33.32,1
216,1159.4,751.5,68.72,33.25,1
217,1160.6,750.8,68.86,33.0,0
218,1161.8,750.2,69.0,32.76,0
219,1163.0,749.5,69.14,32.51,0
220,1164.2,748.9,69.29,32.26,0
221,1165.4,748.2,69.43,32.01,0
222,1166.7,747.5,69.58,31.76,0
223,1167.9,746.9,69.73,31.51,0
224,1169.1,746.2,69.88,31.25,0
225,1170.3,745.6,70.02,31.0,0
226,1171.5,744.9,70.17,30.74,0
227,1172.7,744.3,70.32,30.48,0
228,1173.9,743.6,70.47,30.22,1
229,1175.2,743.3,70.61,30.1,0
230,1176.4,743.0,70.74,29.97,0
231,1177.7,742.7,70.87,29.85,0
232,1179.0,742.4,71.01,29.72,0
233,1180.2,742.0,71.14,29.59,0
234,1181.5,741.7,71.28,29.47,0
235,1182.7,741.4,71.41,29.34,0
236,1184.0,741.1,71.55,29.22,1
237,1194.8,741.2,72.51,29.23,0
238,1205.5,741.2,73.47,29.25,0
239,1216.3,741.3,74.42,29.27,0
240,1227.1,741.4,75.38,29.29,1
241,1235.8,741.4,76.15,29.28,0
242,1244.4,741.4,76.92,29.27,0
243,1253.1,741.4,77.69,29.27,0
244,1261.7,741.4,78.46,29.26,0
245,1270.4,741.4,79.23,29.25,0
246,1279.0,741.4,80.0,29.24,0
247,1287.7,741.4,80.77,29.23,1
248,1294.6,741.7,81.35,29.35,0
249,1301.6,742.0,81.93,29.47,0
250,1308.5,742.4,82.51,29.59,0
251,1315.5,742.7,83.08,29.71,0
252,1322.4,743.0,83.66,29.83,0
253,1329.4,743.3,84.23,29.94,0
254,1336.3,743.6,84.8,30.06,0
255,1343.3,743.9,85.37,30.18,0
256,1350.2,744.3,85.93,30.3,0
257,1357.2,744.6,86.5,30.41,0
258,1364.1,744.9,87.06,30.53,1
259,1360.2,744.9,86.72,30.53,0
260,1356.3,744.9,86.38,30.54,0
261,1352.3,744.9,86.04,30.54,0
262,1348.4,744.9,85.69,30.55,0
263,1344.5,744.9,85.35,30.55,0
264,1340.6,744.9,85.01,30.55,1
265,1338.3,744.8,84.82,30.51,0
266,1336.0,744.7,84.64,30.47,0
267,1333.7,744.6,84.45,30.43,0
268,1331.4,744.5,84.26,30.39,0
269,1329.1,744.4,84.07,30.36,0
270,1326.8,744.2,83.89,30.32,0
271,1324.5,744.1,83.7,30.28,0
272,1322.2,744.0,83.51,30.24,0
273,1319.9,743.9,83.32,30.2,0
274,1317.6,743.8,83.13,30.16,0
275,1315.3,743.7,82.94,30.12,0
276,1313.0,743.6,82.75,30.08,1
277,1311.0,743.5,82.59,30.05,0
278,1309.0,743.5,82.42,30.02,0
279,1307.1,743.4,82.26,29.99,0
280,1305.1,743.3,82.09,29.97,0
281,1303.1,743.2,81.93,29.94,0
282,1301.2,743.1,81.76,29.91,0
283,1299.2,743.1,81.6,29.88,0
284,1297.2,743.0,81.43,29.86,1
285,1296.1,743.3,81.3,29.97,1
286,1299.0,743.8,81.5,30.16,0
287,1301.9,744.2,81.71,30.33,0
288,1304.8,744.7,81.91,30.51,1
289,1299.4,743.6,81.56,30.09,1
290,1300.5,743.7,81.64,30.14,0
291,1301.5,743.9,81.71,30.19,0
292,1302.6,744.0,81.79,30.24,0
293,1303.6,744.1,81.87,30.29,0
294,1304.7,744.3,81.94,30.34,0
295,1305.7,744.4,82.02,30.4,1
296,1306.3,745.0,82.0,30.65,0
297,1307.0,745.7,81.99,30.9,1
298,1307.3,745.2,82.07,30.7,0
299,1307.6,744.7,82.15,30.51,1
300,1278.1,747.9,79.24,31.77,1
301,1299.1,745.5,81.32,30.83,1
302,1294.7,746.1,80.88,31.06,0
303,1290.4,746.6,80.43,31.28,0
304,1286.0,747.2,79.99,31.51,0
305,1281.7,747.8,79.56,31.73,0
306,1277.3,748.4,79.12,31.95,0
307,1272.9,749.0,78.69,32.17,0
308,1268.6,749.5,78.26,32.39,0
309,1264.2,750.1,77.83,32.61,1
310,1260.6,749.7,77.55,32.48,0
311,1257.1,749.4,77.28,32.35,0
312,1253.5,749.0,77.01,32.21,1
313,1249.6,749.5,76.63,32.41,0
314,1245.7,750.0,76.25,32.6,0
315,1241.8,750.5,75.87,32.8,0
316,1238.0,751.0,75.49,32.99,0
317,1234.1,751.6,75.11,33.19,0
318,1230.2,752.1,74.74,33.38,0
319,1226.3,752.6,74.37,33.57,0
320,1222.4,753.1,73.99,33.76,1
321,1218.9,753.5,73.66,33.91,0
322,1215.3,753.9,73.33,34.06,0
323,1211.8,754.3,73.0,34.21,0
324,1208.3,754.7,72.68,34.36,1
325,1205.0,754.9,72.38,34.43,0
326,1201.7,755.1,72.09,34.5,0
327,1198.4,755.3,71.8,34.57,0
328,1195.1,755.5,71.5,34.64,0
329,1191.7,755.6,71.21,34.71,0
330,1188.4,755.8,70.92,34.79,0
331,1185.1,756.0,70.63,34.86,0
332,1181.8,756.2,70.34,34.93,0
333,1178.5,756.4,70.05,35.0,1
334,1176.3,757.5,69.8,35.39,0
335,1174.2,758.6,69.55,35.78,0
336,1172.0,759.7,69.3,36.16,1
337,1170.1,759.9,69.13,36.24,0
338,1168.1,760.2,68.96,36.32,0
339,1166.2,760.4,68.78,36.4,0
340,1164.3,760.6,68.61,36.48,0
341,1162.3,760.8,68.44,36.56,0
342,1160.4,761.0,68.27,36.64,0
343,1158.5,761.3,68.09,36.72,0
344,1156.5,761.5,67.92,36.8,0
345,1154.6,761.7,67.75,36.88,0
346,1152.7,762.0,67.58,36.95,0
347,1150.7,762.2,67.41,37.03,0
348,1148.8,762.4,67.24,37.11,1
349,1146.7,762.8,67.05,37.24,0
350,1144.7,763.1,66.86,37.36,0
351,1142.6,763.5,66.67,37.49,0
352,1140.5,763.9,66.49,37.62,0
353,1138.4,764.2,66.3,37.74,0
354,1136.3,764.6,66.11,37.87,0
355,1134.3,765.0,65.93,37.99,0
356,1132.2,765.3,65.74,38.11,0
357,1130.1,765.7,65.56,38.24,0
358,1128.1,766.1,65.37,38.36,0
359,1126.0,766.4,65.19,38.48,0
360,1123.9,766.8,65.0,38.61,1
361,1117.8,767.2,64.49,38.74,0
362,1111.6,767.6,63.98,38.88,0
363,1105.5,768.0,63.47,39.02,0
364,1099.4,768.4,62.96,39.16,0
365,1093.2,768.8,62.45,39.29,0
366,1087.1,769.2,61.95,39.43,1
367,1082.1,769.2,61.55,39.44,0
368,1077.2,769.2,61.15,39.44,0
369,1072.2,769.2,60.75,39.45,0
370,1067.3,769.2,60.35,39.46,0
371,1062.4,769.2,59.95,39.46,0
372,1057.4,769.2,59.55,39.47,1
373,1053.0,769.4,59.19,39.53,0
374,1048.5,769.5,58.83,39.59,0
375,1044.1,769.7,58.46,39.65,0
376,1039.6,769.9,58.1,39.71,0
377,1035.2,770.1,57.74,39.77,0
378,1030.7,770.2,57.38,39.83,0
379,1026.3,770.4,57.02,39.89,0
380,1021.8,770.6,56.66,39.95,0
381,1017.4,770.8,56.3,40.01,0
382,1012.9,770.9,55.94,40.08,0
383,1008.5,771.1,55.59,40.14,1
384,988.0,776.9,53.95,41.96,1
385,987.4,778.2,53.9,42.36,0
386,986.7,779.5,53.85,42.74,0
387,986.1,780.8,53.81,43.13,0
388,985.5,782.1,53.76,43.51,0
389,984.8,783.4,53.72,43.89,0
390,984.2,784.6,53.67,44.26,0
391,983.6,785.9,53.63,44.63,0
392,982.9,787.2,53.58,45.0,0
393,982.3,788.5,53.54,45.36,0
394,981.7,789.8,53.49,45.72,0
395,981.0,791.1,53.45,46.08,0
396,980.4,792.4,53.41,46.43,1
397,978.7,791.6,53.28,46.23,0
398,976.9,790.9,53.14,46.02,0
399,975.2,790.1,53.01,45.81,0
400,973.5,789.3,52.87,45.6,0
401,971.7,788.6,52.74,45.39,0
402,970.0,787.8,52.6,45.17,1
403,969.0,786.8,52.52,44.9,0
404,968.0,785.9,52.44,44.63,0
405,967.0,784.9,52.35,44.35,0
406,966.0,783.9,52.27,44.08,0
407,965.0,783.0,52.18,43.8,0
408,964.0,782.0,52.1,43.52,1
409,961.0,783.0,51.87,43.8,0
410,957.9,783.9,51.65,44.08,0
411,954.9,784.9,51.42,44.37,0
412,951.8,785.8,51.2,44.64,0
413,948.8,786.8,50.98,44.92,0
414,945.7,787.8,50.76,45.2,0
415,942.6,788.7,50.54,45.47,0
416,939.6,789.7,50.32,45.74,0
417,936.5,790.6,50.11,46.01,0
418,933.5,791.6,49.89,46.28,1
419,921.6,793.7,49.04,46.85,0
420,909.7,795.7,48.2,47.42,1
421,909.3,796.5,48.19,47.63,0
422,908.9,797.3,48.17,47.85,0
423,908.5,798.1,48.16,48.06,0
424,908.1,799.0,48.15,48.27,0
425,907.7,799.8,48.14,48.49,0
426,907.3,800.6,48.13,48.7,0
427,906.9,801.4,48.12,48.9,0
428,906.5,802.2,48.1,49.11,1
429,904.4,802.0,47.95,49.06,0
430,902.2,801.8,47.79,49.02,0
431,900.1,801.6,47.63,48.97,0
432,898.0,801.4,47.47,48.92,1
433,896.0,802.4,47.35,49.18,0
434,894.0,803.5,47.23,49.45,0
435,892.1,804.5,47.12,49.71,0
436,890.1,805.5,47.0,49.97,0
437,888.1,806.5,46.88,50.22,0
438,886.1,807.5,46.77,50.48,0
439,884.2,808.6,46.65,50.73,0
440,882.2,809.6,46.54,50.98,0
441,880.2,810.6,46.43,51.23,0
442,878.2,811.7,46.32,51.48,0
443,876.3,812.7,46.21,51.73,0
444,874.3,813.7,46.1,51.98,1
445,872.5,814.2,45.99,52.1,0
446,870.8,814.8,45.88,52.23,0
447,869.0,815.3,45.77,52.35,0
448,867.3,815.8,45.67,52.48,0
449,865.5,816.3,45.56,52.6,0
450,863.8,816.9,45.46,52.73,0
451,862.0,817.4,45.35,52.85,0
452,860.3,817.9,45.24,52.97,0
453,858.5,818.4,45.14,53.1,0
454,856.8,819.0,45.04,53.22,0
455,855.0,819.5,44.93,53.34,0
456,853.3,820.0,44.83,53.46,1
457,851.6,821.1,44.74,53.72,0
458,849.8,822.3,44.66,53.98,0
459,848.1,823.5,44.58,54.24,0
460,846.4,824.6,44.5,54.5,1
461,848.7,827.1,44.73,55.03,0
462,851.0,829.5,44.96,55.56,0
463,853.3,832.0,45.18,56.07,0
464,855.6,834.4,45.4,56.58,0
465,857.9,836.9,45.62,57.08,0
466,860.2,839.3,45.83,57.58,0
467,862.5,841.8,46.04,58.06,1
468,874.3,852.7,47.04,60.14,1
469,870.6,847.1,46.68,59.09,0
470,866.9,841.5,46.32,58.0,1
471,868.5,843.8,46.48,58.45,0
472,870.1,846.1,46.63,58.9,0
473,871.7,848.5,46.79,59.34,0
474,873.3,850.8,46.94,59.78,0
475,875.0,853.1,47.09,60.21,0
476,876.6,855.4,47.24,60.63,0
477,878.2,857.7,47.38,61.05,0
478,879.8,860.1,47.53,61.47,0
479,881.4,862.4,47.67,61.87,0
480,883.0,864.7,47.81,62.28,1
481,883.8,866.2,47.88,62.53,0
482,884.6,867.6,47.96,62.78,0
483,885.4,869.1,48.03,63.03,0
484,886.2,870.5,48.11,63.27,0
485,887.1,872.0,48.18,63.51,0
486,887.9,873.5,48.25,63.76,0
487,888.7,874.9,48.32,63.99,0
488,889.5,876.4,48.4,64.23,1
489,896.0,872.2,48.71,63.53,0
490,902.5,868.0,49.03,62.81,0
491,909.1,863.8,49.35,62.08,0
492,915.6,859.6,49.69,61.33,0
493,922.1,855.3,50.03,60.56,0
494,928.6,851.1,50.38,59.77,0
495,935.2,846.9,50.74,58.96,0
496,941.7,842.7,51.11,58.13,0
497,948.2,838.5,51.48,57.28,1
498,954.5,837.1,51.88,57.0,0
499,960.9,835.8,52.28,56.71,0
500,967.2,834.4,52.68,56.42,0
501,973.6,833.1,53.09,56.13,0
502,979.9,831.7,53.5,55.84,1
503,983.4,829.8,53.73,55.42,0
504,986.9,827.8,53.95,55.0,0
505,990.3,825.9,54.18,54.58,0
506,993.8,824.0,54.41,54.15,0
507,997.3,822.0,54.65,53.72,0
508,1000.8,820.1,54.88,53.28,0
509,1004.2,818.2,55.12,52.83,0
510,1007.7,816.2,55.37,52.38,0
511,1011.2,814.3,55.61,51.92,0
512,1014.6,812.4,55.86,51.46,0
513,1018.1,810.4,56.11,51.0,0
514,1021.6,808.5,56.37,50.52,1
515,1024.1,807.5,56.55,50.27,0
516,1026.5,806.4,56.73,50.01,0
517,1029.0,805.4,56.91,49.74,0
518,1031.4,804.3,57.1,49.48,0
519,1033.9,803.3,57.28,49.22,0
520,1036.4,802.3,57.47,48.95,0
521,1038.8,801.2,57.66,48.68,0
522,1041.3,800.2,57.85,48.41,0
523,1043.7,799.1,58.04,48.14,0
524,1046.2,798.1,58.23,47.86,1
525,1048.7,797.2,58.43,47.64,0
526,1051.3,796.4,58.62,47.41,0
527,1053.8,795.5,58.82,47.18,0
528,1056.3,794.7,59.02,46.94,0
529,1058.8,793.8,59.22,46.71,0
530,1061.4,793.0,59.42,46.48,0
531,1063.9,792.1,59.63,46.24,1
532,1065.4,791.8,59.74,46.15,0
533,1066.9,791.4,59.86,46.05,0
534,1068.4,791.1,59.98,45.96,0
535,1069.9,790.8,60.1,45.87,0
536,1071.5,790.4,60.22,45.77,0
537,1073.0,790.1,60.34,45.68,0
538,1074.5,789.8,60.46,45.58,0
539,1076.0,789.4,60.58,45.49,0
540,1077.5,789.1,60.7,45.4,1
541,1078.1,789.8,60.73,45.59,0
542,1078.7,790.5,60.76,45.78,0
543,1079.2,791.2,60.78,45.97,0
544,1079.8,791.9,60.81,46.16,0
545,1080.4,792.6,60.84,46.35,0
546,1081.0,793.3,60.87,46.54,0
547,1081.5,794.0,60.89,46.73,0
548,1082.1,794.7,60.92,46.92,0
549,1082.7,795.4,60.95,47.1,1
550,1083.1,796.2,60.96,47.31,0
551,1083.5,797.0,60.97,47.51,0
552,1083.9,797.7,60.98,47.72,0
553,1084.3,798.5,60.99,47.92,0
554,1084.7,799.3,61.01,48.12,0
555,1085.1,800.1,61.02,48.32,0
556,1085.5,800.9,61.03,48.52,0
557,1085.9,801.6,61.04,48.72,0
558,1086.3,802.4,61.05,48.92,0
559,1086.7,803.2,61.06,49.12,0
560,1087.1,804.0,61.07,49.31,0
561,1087.5,804.8,61.08,49.51,0
562,1087.9,805.5,61.1,49.7,0
563,1088.3,806.3,61.11,49.9,0
564,1088.7,807.1,61.12,50.09,1
565,1089.1,808.0,61.13,50.31,0
566,1089.5,808.9,61.13,50.53,0
567,1089.9,809.9,61.14,50.76,0
568,1090.3,810.8,61.15,50.98,0
569,1090.7,811.7,61.16,51.19,0
570,1091.2,812.6,61.17,51.41,0
571,1091.6,813.5,61.18,51.63,0
572,1092.0,814.4,61.18,51.84,0
573,1092.4,815.4,61.19,52.06,0
574,1092.8,816.3,61.2,52.27,0
575,1093.2,817.2,61.21,52.48,0
576,1093.6,818.1,61.22,52.69,1
577,1093.4,818.8,61.19,52.86,0
578,1093.2,819.5,61.16,53.02,0
579,1093.0,820.3,61.13,53.18,0
580,1092.8,821.0,61.1,53.35,0
581,1092.5,821.7,61.07,53.51,0
582,1092.3,822.4,61.04,53.67,0
583,1092.1,823.2,61.01,53.83,0
584,1091.9,823.9,60.98,53.99,0
585,1091.7,824.6,60.95,54.15,1
586,1090.4,825.3,60.85,54.31,0
587,1089.2,826.1,60.75,54.48,0
588,1087.9,826.8,60.66,54.64,1
589,1089.0,826.4,60.73,54.56,0
590,1090.0,826.1,60.81,54.47,0
591,1091.1,825.7,60.89,54.39,0
592,1092.1,825.3,60.96,54.31,0
593,1093.2,825.0,61.04,54.23,0
594,1094.2,824.6,61.12,54.15,1
595,1091.2,826.2,60.89,54.49,0
596,1088.2,827.7,60.66,54.84,0
597,1085.3,829.3,60.43,55.18,0
598,1082.3,830.9,60.21,55.51,0
599,1079.3,832.4,59.99,55.84,0
600,1076.3,834.0,59.77,56.17,0
601,1073.3,835.5,59.55,56.5,0
602,1070.3,837.1,59.34,56.83,0
603,1067.4,838.7,59.12,57.15,0
604,1064.4,840.2,58.91,57.46,0
605,1061.4,841.8,58.7,57.78,1
606,1057.9,843.0,58.47,58.03,0
607,1054.5,844.3,58.24,58.28,0
608,1051.0,845.5,58.01,58.52,0
609,1047.6,846.8,57.78,58.77,0
610,1044.1,848.0,57.55,59.01,0
611,1040.7,849.3,57.32,59.25,0
612,1037.2,850.5,57.1,59.49,1
613,1033.9,851.7,56.89,59.72,0
614,1030.5,852.9,56.67,59.95,0
615,1027.2,854.1,56.46,60.18,0
616,1023.9,855.3,56.25,60.4,0
617,1020.5,856.5,56.04,60.62,0
618,1017.2,857.7,55.84,60.85,0
619,1013.9,858.9,55.63,61.07,0
620,1010.6,860.1,55.43,61.29,0
621,1007.2,861.3,55.22,61.5,0
622,1003.9,862.5,55.02,61.72,1
623,1003.8,863.9,55.01,61.96,0
624,1003.6,865.3,55.0,62.21,1
625,1003.1,865.3,54.97,62.22,0
626,1002.7,865.4,54.94,62.22,0
627,1002.2,865.4,54.92,62.23,0
628,1001.8,865.5,54.89,62.24,0
629,1001.3,865.5,54.86,62.25,0
630,1000.9,865.5,54.84,62.25,0
631,1000.4,865.6,54.81,62.26,0
632,999.9,865.6,54.78,62.27,0
633,999.5,865.7,54.75,62.28,0
634,999.0,865.7,54.73,62.29,0
635,998.6,865.8,54.7,62.29,0
636,998.1,865.8,54.67,62.3,1
637,997.6,865.4,54.64,62.24,0
638,997.0,865.0,54.61,62.17,0
639,996.5,864.7,54.58,62.11,0
640,996.0,864.3,54.54,62.05,0
641,995.4,863.9,54.51,61.98,0
642,994.9,863.5,54.48,61.92,0
643,994.3,863.2,54.45,61.85,0
644,993.8,862.8,54.42,61.79,1
645,984.0,861.4,53.83,61.55,0
646,974.2,859.9,53.23,61.31,0
647,964.4,858.5,52.63,61.06,0
648,954.6,857.1,52.03,60.82,0
649,944.8,855.6,51.42,60.57,0
650,935.0,854.2,50.81,60.32,0
651,925.2,852.7,50.19,60.07,0
652,915.4,851.3,49.56,59.82,0
653,905.6,849.9,48.93,59.56,0
654,895.8,848.4,48.29,59.3,0
655,886.0,847.0,47.65,59.04,1
656,878.0,845.2,47.11,58.71,0
657,870.0,843.4,46.56,58.37,0
658,861.9,841.6,46.0,58.03,0
659,853.9,839.8,45.44,57.68,0
660,845.9,838.0,44.87,57.33,1
661,840.2,836.7,44.46,57.08,0
662,834.4,835.5,44.05,56.83,0
663,828.7,834.2,43.64,56.58,0
664,823.0,833.0,43.22,56.33,0
665,817.3,831.7,42.79,56.07,0
666,811.5,830.5,42.37,55.81,0
667,805.8,829.2,41.94,55.55,1
668,801.4,828.4,41.62,55.4,0
669,797.0,827.7,41.29,55.24,0
670,792.6,826.9,40.97,55.09,0
671,788.2,826.2,40.64,54.93,0
672,783.8,825.4,40.31,54.77,0
673,779.4,824.7,39.98,54.61,0
674,775.1,823.9,39.64,54.45,0
675,770.7,823.2,39.31,54.29,0
676,766.3,822.4,38.97,54.13,0
677,761.9,821.7,38.64,53.97,0
678,757.5,820.9,38.3,53.8,0
679,753.1,820.2,37.96,53.64,0
680,748.7,819.4,37.61,53.47,1
681,745.2,818.8,37.34,53.35,0
682,741.7,818.2,37.07,53.22,0
683,738.2,817.6,36.79,53.09,0
684,734.7,817.1,36.51,52.96,0
685,731.2,816.5,36.23,52.83,0
686,727.7,815.9,35.96,52.7,1
687,726.6,815.3,35.84,52.55,0
688,725.5,814.6,35.73,52.41,0
689,724.5,814.0,35.62,52.26,0
690,723.4,813.4,35.5,52.12,1
691,724.2,813.2,35.54,52.06,0
692,724.9,812.9,35.58,52.0,0
693,725.7,812.7,35.62,51.95,0
694,726.5,812.5,35.66,51.89,0
695,727.2,812.2,35.7,51.83,0
696,728.0,812.0,35.74,51.78,1
697,728.5,811.0,35.71,51.53,0
698,729.1,809.9,35.69,51.27,1
699,724.2,809.3,35.3,51.13,0
700,719.4,808.6,34.91,50.98,0
701,714.5,808.0,34.52,50.83,0
702,709.7,807.4,34.13,50.68,0
703,704.8,806.8,33.74,50.54,0
704,699.9,806.1,33.34,50.39,0
705,695.1,805.5,32.95,50.24,0
706,690.2,804.9,32.55,50.09,0
707,685.4,804.2,32.15,49.93,0
708,680.5,803.6,31.75,49.78,1
709,678.1,803.1,31.53,49.66,0
710,675.6,802.6,31.31,49.53,0
711,673.2,802.1,31.09,49.41,0
712,670.8,801.6,30.87,49.29,0
713,668.3,801.1,30.66,49.16,0
714,665.9,800.6,30.43,49.04,0
715,663.5,800.1,30.21,48.91,0
716,661.0,799.6,29.99,48.78,0
717,658.6,799.1,29.77,48.66,0
718,656.2,798.6,29.55,48.53,0
719,653.7,798.1,29.32,48.4,0
720,651.3,797.6,29.1,48.27,1
721,649.8,796.8,28.91,48.07,0
722,648.2,796.0,28.72,47.86,0
723,646.7,795.2,28.54,47.65,0
724,645.1,794.4,28.35,47.44,0
725,643.6,793.7,28.16,47.23,0
726,642.0,792.9,27.97,47.02,0
727,640.5,792.1,27.78,46.81,0
728,638.9,791.3,27.59,46.59,0
729,637.4,790.5,27.39,46.38,1
730,641.3,790.8,27.72,46.44,0
731,645.3,791.0,28.04,46.5,1
732,667.2,792.9,29.88,46.99,1
733,667.9,793.0,29.94,47.01,0
734,668.5,793.0,30.0,47.03,0
735,669.2,793.1,30.06,47.05,0
736,669.9,793.2,30.11,47.07,1
737,666.1,792.9,29.8,47.0,0
738,662.3,792.6,29.49,46.92,0
739,658.5,792.3,29.17,46.84,0
740,654.8,792.0,28.86,46.77,0
741,651.0,791.7,28.54,46.69,0
742,647.2,791.4,28.22,46.61,0
743,643.4,791.1,27.91,46.53,0
744,639.6,790.8,27.59,46.46,1
745,636.4,790.4,27.3,46.34,0
746,633.3,789.9,27.02,46.22,0
747,630.1,789.5,26.73,46.1,0
748,626.9,789.0,26.44,45.98,0
749,623.7,788.6,26.15,45.86,0
750,620.6,788.1,25.86,45.74,0
751,617.4,787.7,25.57,45.62,0
752,614.2,787.2,25.28,45.49,0
753,611.0,786.8,24.98,45.37,0
754,607.9,786.3,24.69,45.25,0
755,604.7,785.9,24.39,45.13,1
756,601.7,785.4,24.1,44.98,0
757,598.7,784.9,23.81,44.84,0
758,595.7,784.4,23.52,44.7,0
759,592.7,783.9,23.23,44.56,0
760,589.7,783.4,22.93,44.41,0
761,586.7,782.9,22.64,44.27,0
762,583.7,782.3,22.34,44.12,0
763,580.7,781.8,22.04,43.98,0
764,577.7,781.3,21.74,43.83,0
765,574.7,780.8,21.44,43.69,0
766,571.7,780.3,21.14,43.54,0
767,568.7,779.8,20.84,43.39,0
768,565.7,779.3,20.54,43.24,1
769,563.1,778.9,20.28,43.12,0
770,560.5,778.5,20.01,43.0,0
771,557.9,778.1,19.75,42.88,0
772,555.3,777.7,19.49,42.76,0
773,552.7,777.3,19.23,42.64,0
774,550.1,776.8,18.96,42.52,0
775,547.5,776.4,18.7,42.4,0
776,544.9,776.0,18.43,42.28,0
777,542.3,775.6,18.16,42.15,0
778,539.7,775.2,17.9,42.03,0
779,537.1,774.8,17.63,41.91,0
780,534.5,774.4,17.36,41.78,1
781,532.0,773.9,17.09,41.64,0
782,529.5,773.5,16.82,41.49,0
783,527.0,773.0,16.54,41.35,0
784,524.5,772.5,16.27,41.2,0
785,522.1,772.0,15.99,41.05,0
786,519.6,771.5,15.72,40.9,0
787,517.1,771.1,15.44,40.75,0
788,514.6,770.6,15.16,40.61,1
789,517.5,769.7,15.27,40.31,0
790,520.4,768.8,15.37,40.0,0
791,523.4,767.9,15.48,39.7,0
792,526.3,766.9,15.59,39.4,0
793,529.2,766.0,15.69,39.09,0
794,532.1,765.1,15.8,38.78,1
795,533.4,764.6,15.84,38.62,0
796,534.8,764.2,15.89,38.46,0
797,536.1,763.7,15.93,38.3,0
798,537.4,763.2,15.97,38.13,0
799,538.7,762.7,16.01,37.97,0
800,540.1,762.3,16.05,37.81,0
801,541.4,761.8,16.1,37.65,1
802,541.4,760.9,15.95,37.33,0
803,541.4,759.9,15.81,37.0,0
804,541.4,759.0,15.67,36.68,0
805,541.4,758.1,15.52,36.35,0
806,541.4,757.2,15.38,36.02,0
807,541.4,756.2,15.23,35.69,0
808,541.4,755.3,15.08,35.36,0
809,541.4,754.4,14.93,35.02,0
810,541.4,753.5,14.78,34.68,0
811,541.4,752.5,14.63,34.34,0
812,541.4,751.6,14.48,33.99,0
813,541.4,750.7,14.32,33.64,0
814,541.4,749.8,14.17,33.29,0
815,541.4,748.8,14.01,32.94,0
816,541.4,747.9,13.86,32.59,1
817,541.6,747.5,13.81,32.44,0
818,541.9,747.1,13.77,32.29,0
819,542.1,746.7,13.72,32.14,0
820,542.3,746.4,13.67,31.99,0
821,542.5,746.0,13.63,31.84,0
822,542.8,745.6,13.58,31.69,0
823,543.0,745.2,13.54,31.54,0
824,543.2,744.8,13.49,31.38,0
825,543.4,744.4,13.44,31.23,0
826,543.7,744.1,13.4,31.08,0
827,543.9,743.7,13.35,30.93,0
828,544.1,743.3,13.31,30.77,0
829,544.3,742.9,13.26,30.62,0
830,544.6,742.5,13.21,30.46,0
831,544.8,742.1,13.16,30.31,0
832,545.0,741.8,13.12,30.15,0
833,545.2,741.4,13.07,29.99,0
834,545.5,741.0,13.02,29.84,0
835,545.7,740.6,12.97,29.68,1
836,546.0,739.8,12.87,29.36,0
837,546.4,739.0,12.76,29.03,0
838,546.7,738.3,12.65,28.71,0
839,547.1,737.5,12.54,28.38,0
840,547.4,736.7,12.42,28.05,1
841,547.4,736.5,12.38,27.96,0
842,547.4,736.3,12.34,27.87,0
843,547.4,736.0,12.3,27.77,0
844,547.4,735.8,12.26,27.68,0
845,547.4,735.6,12.22,27.59,0
846,547.4,735.4,12.18,27.5,1
847,547.1,734.8,12.04,27.24,0
848,546.8,734.2,11.9,26.98,0
849,546.6,733.6,11.76,26.72,0
850,546.3,733.0,11.62,26.46,0
851,546.0,732.4,11.48,26.19,1
852,544.6,732.1,11.28,26.06,0
853,543.2,731.8,11.08,25.92,0
854,541.8,731.5,10.88,25.78,0
855,540.4,731.1,10.68,25.64,0
856,539.0,730.8,10.48,25.5,0
857,537.6,730.5,10.28,25.36,0
858,536.1,730.2,10.07,25.22,0
859,534.7,729.9,9.87,25.08,0
860,533.3,729.6,9.67,24.94,0
861,531.9,729.2,9.47,24.8,0
862,530.5,728.9,9.26,24.65,0
863,529.1,728.6,9.06,24.51,0
864,527.7,728.3,8.85,24.37,1
865,526.8,727.4,8.58,23.98,0
866,525.8,726.6,8.3,23.58,0
867,524.9,725.7,8.02,23.18,0
868,523.9,724.9,7.74,22.78,0
869,523.0,724.0,7.46,22.38,0
870,522.1,723.2,7.18,21.97,0
871,521.1,722.3,6.89,21.56,0
872,520.2,721.5,6.6,21.15,0
873,519.2,720.6,6.31,20.73,0
874,518.3,719.8,6.02,20.31,0
875,517.3,718.9,5.72,19.88,0
876,516.4,718.0,5.42,19.45,0
877,515.5,717.2,5.12,19.02,0
878,514.5,716.3,4.82,18.59,0
879,513.6,715.5,4.51,18.15,0
880,512.6,714.6,4.2,17.71,0
881,511.7,713.8,3.89,17.26,0
882,510.8,712.9,3.58,16.81,0
883,509.8,712.1,3.26,16.36,0
884,508.9,711.2,2.94,15.9,0
885,507.9,710.4,2.62,15.44,0
886,507.0,709.5,2.3,14.97,0
887,506.0,708.7,1.97,14.5,0
888,505.1,707.8,1.64,14.03,1
889,504.6,707.5,1.51,13.89,0
890,504.1,707.3,1.39,13.75,0
891,503.5,707.0,1.26,13.61,0
892,503.0,706.8,1.14,13.47,0
893,502.5,706.5,1.01,13.33,0
894,502.0,706.3,0.88,13.18,0
895,501.4,706.0,0.76,13.04,0
896,500.9,705.8,0.63,12.9,0
897,500.4,705.5,0.5,12.76,0
898,499.9,705.3,0.37,12.62,0
899,499.3,705.0,0.25,12.47,0
900,498.8,704.8,0.12,12.33,1
901,498.1,704.7,0.01,12.25,0
902,497.5,704.5,-0.1,12.18,0
903,496.8,704.4,-0.22,12.1,0
904,496.2,704.3,-0.33,12.02,0
905,495.5,704.1,-0.44,11.95,0
906,494.9,704.0,-0.55,11.87,0
907,494.2,703.9,-0.66,11.79,0
908,493.5,703.7,-0.78,11.72,0
909,492.9,703.6,-0.89,11.64,0
910,492.2,703.5,-1.0,11.56,0
911,491.6,703.3,-1.11,11.48,0
912,490.9,703.2,-1.23,11.41,1
913,490.3,702.6,-1.48,11.03,0
914,489.8,701.9,-1.73,10.65,0
915,489.2,701.3,-1.98,10.27,0
916,488.6,700.6,-2.24,9.88,0
917,488.1,700.0,-2.49,9.5,0
918,487.5,699.4,-2.75,9.11,0
919,486.9,698.7,-3.01,8.72,0
920,486.4,698.1,-3.27,8.32,0
921,485.8,697.4,-3.54,7.92,0
922,485.2,696.8,-3.8,7.52,0
923,484.7,696.1,-4.07,7.12,0
924,484.1,695.5,-4.34,6.71,1
925,483.5,695.5,-4.42,6.69,0
926,482.9,695.4,-4.51,6.66,0
927,482.3,695.4,-4.59,6.63,0
928,481.7,695.3,-4.67,6.61,0
929,481.1,695.3,-4.76,6.58,0
930,480.6,695.2,-4.84,6.56,0
931,480.0,695.2,-4.92,6.53,0
932,479.4,695.2,-5.01,6.5,0
933,478.8,695.1,-5.09,6.48,0
934,478.2,695.1,-5.17,6.45,0
935,477.6,695.0,-5.26,6.42,0
936,477.0,695.0,-5.34,6.4,1
937,476.6,694.9,-5.43,6.32,0
938,476.2,694.8,-5.51,6.25,0
939,475.8,694.6,-5.6,6.17,0
940,475.4,694.5,-5.68,6.1,0
941,475.0,694.4,-5.77,6.02,0
942,474.6,694.3,-5.86,5.95,0
943,474.1,694.2,-5.95,5.87,0
944,473.7,694.1,-6.03,5.8,0
945,473.3,694.0,-6.12,5.72,0
946,472.9,693.8,-6.21,5.65,0
947,472.5,693.7,-6.29,5.57,0
948,472.1,693.6,-6.38,5.5,1
949,471.6,693.3,-6.54,5.31,0
950,471.0,693.0,-6.7,5.12,0
951,470.5,692.7,-6.86,4.93,0
952,470.0,692.4,-7.02,4.74,0
953,469.5,692.1,-7.18,4.55,0
954,468.9,691.9,-7.35,4.35,0
955,468.4,691.6,-7.51,4.16,0
956,467.9,691.3,-7.67,3.97,0
957,467.4,691.0,-7.84,3.78,0
958,466.8,690.7,-8.0,3.58,0
959,466.3,690.4,-8.17,3.39,1
960,463.6,689.3,-8.88,2.64,1
961,463.3,689.2,-8.95,2.58,0
962,463.0,689.1,-9.02,2.52,0
963,462.7,689.0,-9.09,2.45,0
964,462.4,688.9,-9.16,2.39,0
965,462.1,688.8,-9.22,2.33,0
966,461.9,688.8,-9.29,2.27,0
967,461.6,688.7,-9.36,2.2,0
968,461.3,688.6,-9.43,2.14,0
969,461.0,688.5,-9.5,2.08,0
970,460.7,688.4,-9.57,2.02,0
971,460.4,688.3,-9.64,1.95,0
972,460.1,688.2,-9.71,1.89,1
973,459.9,688.0,-9.82,1.73,0
974,459.6,687.7,-9.93,1.57,0
975,459.4,687.5,-10.05,1.4,0
976,459.2,687.3,-10.16,1.24,0
977,458.9,687.0,-10.27,1.08,0
978,458.7,686.8,-10.39,0.92,0
979,458.5,686.6,-10.5,0.75,0
980,458.2,686.3,-10.62,0.59,0
981,458.0,686.1,-10.73,0.42,0
982,457.8,685.9,-10.85,0.26,0
983,457.5,685.6,-10.97,0.09,0
984,457.3,685.4,-11.08,-0.07,1
985,457.9,685.4,-11.01,-0.08,0
986,458.6,685.4,-10.93,-0.09,0
987,459.2,685.4,-10.86,-0.11,0
988,459.9,685.3,-10.79,-0.12,0
989,460.5,685.3,-10.71,-0.13,0
990,461.1,685.3,-10.64,-0.14,0
991,461.8,685.3,-10.56,-0.15,0
992,462.4,685.3,-10.49,-0.17,0
993,463.1,685.2,-10.42,-0.18,0
994,463.7,685.2,-10.34,-0.19,0
995,464.4,685.2,-10.27,-0.2,0
996,465.0,685.2,-10.19,-0.21,1
997,465.6,685.2,-10.13,-0.25,0
998,466.3,685.1,-10.07,-0.28,0
999,466.9,685.1,-10.01,-0.32,0
1000,467.5,685.0,-9.95,-0.36,0
1001,468.2,685.0,-9.89,-0.39,0
1002,468.8,684.9,-9.83,-0.43,0
1003,469.4,684.9,-9.77,-0.46,0
1004,470.1,684.8,-9.71,-0.5,0
1005,470.7,684.8,-9.65,-0.53,0
1006,471.3,684.7,-9.58,-0.57,0
1007,472.0,684.6,-9.52,-0.61,0
1008,472.6,684.6,-9.46,-0.64,1
1009,473.0,684.7,-9.37,-0.54,0
1010,473.3,684.9,-9.27,-0.45,0
1011,473.7,685.0,-9.18,-0.35,0
1012,474.0,685.1,-9.08,-0.25,0
1013,474.4,685.3,-8.99,-0.15,0
1014,474.7,685.4,-8.9,-0.06,0
1015,475.1,685.6,-8.8,0.04,0
1016,475.4,685.7,-8.71,0.14,0
1017,475.8,685.8,-8.62,0.23,0
1018,476.2,686.0,-8.52,0.33,0
1019,476.5,686.1,-8.43,0.43,0
1020,476.9,686.2,-8.34,0.52,0
1021,477.2,686.4,-8.24,0.62,0
1022,477.6,686.5,-8.15,0.72,0
1023,477.9,686.6,-8.06,0.81,0
1024,478.3,686.8,-7.97,0.91,0
1025,478.6,686.9,-7.87,1.0,0
1026,479.0,687.1,-7.78,1.1,0
1027,479.3,687.2,-7.69,1.19,0
1028,479.7,687.3,-7.6,1.29,0
1029,480.1,687.5,-7.51,1.38,0
1030,480.4,687.6,-7.41,1.48,0
1031,480.8,687.7,-7.32,1.57,0
1032,481.1,687.9,-7.23,1.67,0
1033,481.5,688.0,-7.14,1.76,0
1034,481.8,688.2,-7.05,1.86,0
1035,482.2,688.3,-6.96,1.95,0
1036,482.5,688.4,-6.87,2.04,0
1037,482.9,688.6,-6.78,2.14,0
1038,483.2,688.7,-6.69,2.23,0
1039,483.6,688.8,-6.6,2.32,0
1040,484.0,689.0,-6.51,2.42,0
1041,484.3,689.1,-6.42,2.51,0
1042,484.7,689.2,-6.33,2.6,0
1043,485.0,689.4,-6.24,2.7,0
1044,485.4,689.5,-6.15,2.79,0
1045,485.7,689.7,-6.06,2.88,0
1046,486.1,689.8,-5.97,2.97,0
1047,486.4,689.9,-5.88,3.07,0
1048,486.8,690.1,-5.79,3.16,0
1049,487.2,690.2,-5.7,3.25,0
1050,487.5,690.3,-5.61,3.34,0
1051,487.9,690.5,-5.52,3.43,0
1052,488.2,690.6,-5.44,3.53,0
1053,488.6,690.8,-5.35,3.62,0
1054,488.9,690.9,-5.26,3.71,0
1055,489.3,691.0,-5.17,3.8,0
1056,489.6,691.2,-5.08,3.89,0
1057,490.0,691.3,-5.0,3.98,0
1058,490.3,691.4,-4.91,4.07,0
1059,490.7,691.6,-4.82,4.16,0
1060,491.1,691.7,-4.73,4.25,0
1061,491.4,691.8,-4.65,4.34,0
1062,491.8,692.0,-4.56,4.43,0
1063,492.1,692.1,-4.47,4.52,0
1064,492.5,692.3,-4.39,4.61,0
1065,492.8,692.4,-4.3,4.7,0
1066,493.2,692.5,-4.21,4.79,0
1067,493.5,692.7,-4.13,4.88,0
1068,493.9,692.8,-4.04,4.97,1
1069,493.3,693.2,-3.98,5.24,0
1070,492.6,693.6,-3.93,5.51,0
1071,492.0,694.0,-3.87,5.78,0
1072,491.3,694.5,-3.82,6.05,0
1073,490.7,694.9,-3.76,6.32,0
1074,490.0,695.3,-3.71,6.58,0
1075,489.4,695.7,-3.65,6.85,0
1076,488.7,696.1,-3.6,7.11,0
1077,488.1,696.5,-3.55,7.38,0
1078,487.4,697.0,-3.49,7.64,0
1079,486.8,697.4,-3.44,7.9,0
1080,486.1,697.8,-3.39,8.16,0
1081,485.5,698.2,-3.33,8.41,0
1082,484.8,698.6,-3.28,8.67,0
1083,484.2,699.0,-3.23,8.93,0
1084,483.5,699.5,-3.17,9.18,0
1085,482.9,699.9,-3.12,9.43,0
1086,482.2,700.3,-3.07,9.69,0
1087,481.6,700.7,-3.02,9.94,0
1088,480.9,701.1,-2.97,10.19,0
1089,480.3,701.5,-2.92,10.44,0
1090,479.6,702.0,-2.87,10.68,0
1091,479.0,702.4,-2.81,10.93,0
1092,478.3,702.8,-2.76,11.18,0
1093,477.7,703.2,-2.71,11.42,0
1094,477.0,703.6,-2.66,11.67,0
1095,476.4,704.0,-2.61,11.91,0
1096,475.7,704.5,-2.56,12.15,0
1097,475.1,704.9,-2.51,12.39,0
1098,474.4,705.3,-2.47,12.63,0
1099,473.8,705.7,-2.42,12.87,0
1100,473.1,706.1,-2.37,13.11,0
1101,472.5,706.5,-2.32,13.34,0
1102,471.8,707.0,-2.27,13.58,0
1103,471.2,707.4,-2.22,13.81,0
1104,470.5,707.8,-2.17,14.05,0
1105,469.9,708.2,-2.13,14.28,0
1106,469.3,708.6,-2.08,14.51,0
1107,468.6,709.0,-2.03,14.74,0
1108,468.0,709.5,-1.98,14.97,0
1109,467.3,709.9,-1.94,15.2,0
1110,466.7,710.3,-1.89,15.43,0
1111,466.0,710.7,-1.84,15.66,0
1112,465.4,711.1,-1.8,15.88,0
1113,464.7,711.5,-1.75,16.11,0
1114,464.1,712.0,-1.71,16.33,0
1115,463.4,712.4,-1.66,16.55,0
1116,462.8,712.8,-1.61,16.78,0
1117,462.1,713.2,-1.57,17.0,0
1118,461.5,713.6,-1.52,17.22,0
1119,460.8,714.0,-1.48,17.44,0
1120,460.2,714.5,-1.43,17.66,0
1121,459.5,714.9,-1.39,17.87,0
1122,458.9,715.3,-1.34,18.09,0
1123,458.2,715.7,-1.3,18.31,0
1124,457.6,716.1,-1.25,18.52,0
1125,456.9,716.5,-1.21,18.74,0
1126,456.3,717.0,-1.17,18.95,0
1127,455.6,717.4,-1.12,19.16,0
1128,455.0,717.8,-1.08,19.38,0
1129,454.3,718.2,-1.04,19.59,0
1130,453.7,718.6,-0.99,19.8,0
1131,453.0,719.0,-0.95,20.01,0
1132,452.4,719.5,-0.91,20.22,0
1133,451.7,719.9,-0.86,20.42,0
1134,451.1,720.3,-0.82,20.63,0
1135,450.4,720.7,-0.78,20.84,0
1136,449.8,721.1,-0.74,21.04,0
1137,449.1,721.5,-0.69,21.25,0
1138,448.5,722.0,-0.65,21.45,0
1139,447.8,722.4,-0.61,21.65,0
1140,447.2,722.8,-0.57,21.85,1
1141,446.3,722.9,-0.63,21.92,0
1142,445.3,723.1,-0.69,21.99,0
1143,444.4,723.2,-0.75,22.06,0
1144,443.4,723.3,-0.81,22.12,0
1145,442.5,723.5,-0.87,22.19,0
1146,441.6,723.6,-0.93,22.26,0
1147,440.6,723.8,-1.0,22.32,0
1148,439.7,723.9,-1.06,22.39,0
1149,438.7,724.0,-1.12,22.46,0
1150,437.8,724.2,-1.18,22.52,0
1151,436.8,724.3,-1.24,22.59,0
1152,435.9,724.5,-1.3,22.66,0
1153,435.0,724.6,-1.36,22.72,0
1154,434.0,724.7,-1.42,22.79,0
1155,433.1,724.9,-1.48,22.85,0
1156,432.1,725.0,-1.54,22.92,0
1157,431.2,725.1,-1.6,22.99,0
1158,430.2,725.3,-1.66,23.05,0
1159,429.3,725.4,-1.72,23.12,0
1160,428.4,725.5,-1.78,23.18,0
1161,427.4,725.7,-1.84,23.25,0
1162,426.5,725.8,-1.9,23.31,0
1163,425.5,726.0,-1.95,23.38,0
1164,424.6,726.1,-2.01,23.44,1
1165,423.0,726.5,-2.07,23.64,0
1166,421.4,726.9,-2.13,23.83,0
1167,419.8,727.3,-2.18,24.02,0
1168,418.1,727.7,-2.24,24.21,0
1169,416.5,728.1,-2.29,24.4,0
1170,414.9,728.5,-2.35,24.59,0
1171,413.3,729.0,-2.4,24.78,0
1172,411.7,729.4,-2.46,24.96,0
1173,410.1,729.8,-2.51,25.15,0
1174,408.4,730.2,-2.57,25.34,0
1175,406.8,730.6,-2.62,25.52,0
1176,405.2,731.0,-2.68,25.71,1
1177,404.0,731.7,-2.63,26.0,0
1178,402.8,732.3,-2.58,26.3,0
1179,401.6,733.0,-2.53,26.59,0
1180,400.4,733.6,-2.48,26.88,0
1181,399.2,734.3,-2.43,27.17,0
1182,397.9,735.0,-2.38,27.45,0
1183,396.7,735.6,-2.33,27.74,0
1184,395.5,736.3,-2.28,28.02,0
1185,394.3,736.9,-2.23,28.3,0
1186,393.1,737.6,-2.18,28.58,0
1187,391.9,738.2,-2.13,28.86,0
1188,390.7,738.9,-2.08,29.14,1
1189,390.6,739.1,-2.05,29.21,0
1190,390.6,739.2,-2.02,29.27,0
1191,390.5,739.4,-1.99,29.34,0
1192,390.4,739.5,-1.95,29.4,0
1193,390.4,739.7,-1.92,29.47,0
1194,390.3,739.8,-1.89,29.54,0
1195,390.2,740.0,-1.86,29.6,0
1196,390.2,740.2,-1.82,29.67,0
1197,390.1,740.3,-1.79,29.73,0
1198,390.0,740.5,-1.76,29.8,0
1199,390.0,740.6,-1.73,29.86,0
1200,389.9,740.8,-1.69,29.93,1
1201,391.8,740.9,-1.5,29.96,0
1202,393.6,740.9,-1.3,29.99,0
1203,395.5,741.0,-1.11,30.02,0
1204,397.4,741.1,-0.91,30.04,0
1205,399.2,741.2,-0.72,30.07,0
1206,401.1,741.2,-0.52,30.1,0
1207,403.0,741.3,-0.33,30.13,0
1208,404.8,741.4,-0.13,30.16,0
1209,406.7,741.5,0.06,30.19,0
1210,408.6,741.6,0.25,30.22,0
1211,410.4,741.6,0.45,30.24,0
1212,412.3,741.7,0.64,30.27,1
1213,412.3,741.9,0.68,30.34,0
1214,412.2,742.1,0.72,30.42,0
1215,412.2,742.2,0.75,30.49,0
1216,412.1,742.4,0.79,30.56,0
1217,412.1,742.6,0.83,30.63,0
1218,412.1,742.8,0.86,30.7,0
1219,412.0,742.9,0.9,30.77,0
1220,412.0,743.1,0.94,30.84,0
1221,411.9,743.3,0.97,30.91,0
1222,411.9,743.4,1.01,30.98,0
1223,411.8,743.6,1.04,31.05,0
1224,411.8,743.8,1.08,31.12,1
1225,411.1,744.5,1.16,31.38,0
1226,410.3,745.1,1.24,31.65,0
1227,409.6,745.8,1.33,31.91,0
1228,408.9,746.4,1.41,32.17,0
1229,408.1,747.1,1.49,32.42,0
1230,407.4,747.8,1.57,32.68,0
1231,406.7,748.4,1.65,32.94,0
1232,405.9,749.1,1.72,33.19,0
1233,405.2,749.7,1.8,33.44,0
1234,404.5,750.4,1.88,33.69,0
1235,403.7,751.0,1.96,33.94,0
1236,403.0,751.7,2.04,34.19,1
1237,403.5,751.6,2.06,34.15,0
1238,404.0,751.5,2.08,34.1,0
1239,404.5,751.4,2.1,34.06,0
1240,405.1,751.2,2.12,34.02,0
1241,405.6,751.1,2.14,33.97,0
1242,406.1,751.0,2.17,33.93,0
1243,406.6,750.9,2.19,33.88,1
1244,406.2,751.0,2.17,33.93,0
1245,405.7,751.1,2.16,33.98,0
1246,405.3,751.3,2.15,34.02,0
1247,404.8,751.4,2.13,34.07,0
1248,404.4,751.5,2.12,34.11,1
1249,412.4,750.2,2.56,33.61,0
1250,420.4,748.9,3.0,33.09,0
1251,428.4,747.5,3.45,32.58,0
1252,436.4,746.2,3.91,32.05,0
1253,444.4,744.9,4.37,31.53,0
1254,452.5,743.6,4.83,30.99,0
1255,460.5,742.3,5.3,30.45,0
1256,468.5,741.0,5.78,29.91,0
1257,476.5,739.6,6.25,29.36,0
1258,484.5,738.3,6.74,28.8,0
1259,492.5,737.0,7.23,28.23,1
1260,406.6,754.7,3.0,35.29,1
1261,406.5,755.0,3.05,35.39,0
1262,406.3,755.2,3.09,35.49,0
1263,406.2,755.5,3.14,35.59,0
1264,406.0,755.8,3.18,35.69,0
1265,405.9,756.1,3.23,35.79,0
1266,405.8,756.4,3.27,35.89,0
1267,405.6,756.6,3.32,35.99,0
1268,405.5,756.9,3.36,36.09,0
1269,405.3,757.2,3.41,36.19,0
1270,405.2,757.5,3.45,36.29,0
1271,405.0,757.7,3.5,36.39,0
1272,404.9,758.0,3.54,36.49,1
1273,405.0,758.1,3.57,36.52,0
1274,405.0,758.2,3.59,36.55,0
1275,405.1,758.3,3.62,36.58,0
1276,405.2,758.4,3.64,36.62,0
1277,405.3,758.5,3.67,36.65,0
1278,405.4,758.5,3.69,36.68,0
1279,405.4,758.6,3.72,36.71,0
1280,405.5,758.7,3.74,36.74,0
1281,405.6,758.8,3.77,36.78,0
1282,405.6,758.9,3.79,36.81,0
1283,405.7,759.0,3.82,36.84,0
1284,405.8,759.1,3.85,36.87,1
1285,405.8,759.3,3.89,36.95,0
1286,405.8,759.5,3.93,37.02,0
1287,405.8,759.7,3.97,37.09,0
1288,405.8,759.9,4.01,37.17,0
1289,405.8,760.1,4.06,37.24,0
1290,405.8,760.4,4.1,37.31,0
1291,405.8,760.6,4.14,37.38,0
1292,405.8,760.8,4.18,37.46,0
1293,405.8,761.0,4.23,37.53,0
1294,405.8,761.2,4.27,37.6,0
1295,405.8,761.4,4.31,37.67,0
1296,405.8,761.6,4.35,37.75,1
1297,405.6,761.7,4.34,37.77,0
1298,405.3,761.7,4.33,37.79,0
1299,405.1,761.8,4.33,37.82,0
1300,404.8,761.9,4.32,37.84,0
1301,404.6,761.9,4.31,37.86,0
1302,404.3,762.0,4.3,37.89,0
1303,404.1,762.1,4.29,37.91,0
1304,403.8,762.1,4.28,37.93,0
1305,403.6,762.2,4.28,37.96,0
1306,403.3,762.3,4.27,37.98,0
1307,403.1,762.3,4.26,38.0,0
1308,402.8,762.4,4.25,38.02,1
1309,402.7,762.5,4.25,38.05,0
1310,402.6,762.5,4.26,38.07,0
1311,402.4,762.6,4.26,38.09,0
1312,402.3,762.7,4.26,38.12,0
1313,402.2,762.7,4.27,38.14,0
1314,402.1,762.8,4.27,38.16,0
1315,402.0,762.9,4.27,38.19,0
1316,401.9,762.9,4.28,38.21,0
1317,401.8,763.0,4.28,38.23,0
1318,401.6,763.1,4.28,38.25,0
1319,401.5,763.1,4.29,38.28,0
1320,401.4,763.2,4.29,38.3,1
1321,401.4,762.8,4.22,38.18,0
1322,401.4,762.5,4.14,38.05,0
1323,401.4,762.1,4.07,37.92,0
1324,401.4,761.7,4.0,37.8,0
1325,401.4,761.4,3.92,37.67,0
1326,401.4,761.0,3.85,37.54,1
1327,401.2,761.1,3.85,37.58,0
1328,401.1,761.2,3.86,37.62,0
1329,400.9,761.3,3.87,37.66,0
1330,400.7,761.4,3.88,37.7,0
1331,400.5,761.5,3.88,37.73,0
1332,400.4,761.7,3.89,37.77,0
1333,400.2,761.8,3.9,37.81,0
1334,400.0,761.9,3.9,37.85,0
1335,399.8,762.0,3.91,37.89,0
1336,399.7,762.1,3.92,37.93,0
1337,399.5,762.2,3.93,37.96,0
1338,399.3,762.3,3.93,38.0,0
1339,399.1,762.4,3.94,38.04,0
1340,399.0,762.5,3.95,38.08,0
1341,398.8,762.6,3.95,38.12,0
1342,398.6,762.8,3.96,38.15,0
1343,398.5,762.9,3.97,38.19,0
1344,398.3,763.0,3.98,38.23,0
1345,398.1,763.1,3.98,38.27,0
1346,397.9,763.2,3.99,38.3,0
1347,397.8,763.3,4.0,38.34,0
1348,397.6,763.4,4.0,38.38,0
1349,397.4,763.5,4.01,38.42,0
1350,397.2,763.6,4.02,38.46,0
1351,397.1,763.8,4.03,38.49,0
1352,396.9,763.9,4.03,38.53,0
1353,396.7,764.0,4.04,38.57,0
1354,396.5,764.1,4.05,38.61,0
1355,396.4,764.2,4.05,38.64,0
1356,396.2,764.3,4.06,38.68,1
1357,396.1,764.3,4.06,38.68,0
1358,396.0,764.3,4.05,38.69,0
1359,396.0,764.3,4.05,38.69,0
1360,395.9,764.3,4.04,38.7,0
1361,395.8,764.4,4.04,38.7,0
1362,395.7,764.4,4.03,38.71,0
1363,395.6,764.4,4.03,38.71,0
1364,395.6,764.4,4.03,38.72,0
1365,395.5,764.4,4.02,38.72,0
1366,395.4,764.4,4.02,38.72,0
1367,395.3,764.4,4.01,38.73,0
1368,395.2,764.5,4.01,38.73,0
1369,395.2,764.5,4.0,38.74,0
1370,395.1,764.5,4.0,38.74,0
1371,395.0,764.5,4.0,38.75,0
1372,394.9,764.5,3.99,38.75,0
1373,394.9,764.5,3.99,38.75,0
1374,394.8,764.5,3.98,38.76,0
1375,394.7,764.5,3.98,38.76,0
1376,394.6,764.5,3.97,38.77,0
1377,394.5,764.6,3.97,38.77,0
1378,394.5,764.6,3.97,38.78,0
1379,394.4,764.6,3.96,38.78,0
1380,394.3,764.6,3.96,38.78,1
1381,394.4,764.6,3.97,38.79,0
1382,394.6,764.6,3.99,38.79,0
1383,394.7,764.6,4.0,38.8,0
1384,394.9,764.7,4.02,38.8,0
1385,395.0,764.7,4.03,38.81,0
1386,395.2,764.7,4.05,38.81,0
1387,395.3,764.7,4.07,38.82,0
1388,395.5,764.7,4.08,38.82,0
1389,395.6,764.7,4.1,38.83,0
1390,395.8,764.8,4.11,38.83,0
1391,395.9,764.8,4.13,38.84,0
1392,396.1,764.8,4.14,38.84,0
1393,396.2,764.8,4.16,38.85,1
1394,409.5,764.7,5.27,38.79,0
1395,422.7,764.6,6.39,38.74,0
1396,436.0,764.5,7.5,38.68,0
1397,449.2,764.3,8.61,38.63,0
1398,462.5,764.2,9.73,38.57,0
1399,475.7,764.1,10.84,38.52,0
1400,489.0,764.0,11.96,38.46,0
1401,502.3,763.9,13.07,38.41,0
1402,515.5,763.8,14.18,38.35,0
1403,528.8,763.7,15.3,38.3,0
1404,542.0,763.5,16.41,38.24,0
1405,555.3,763.4,17.53,38.19,0
1406,568.5,763.3,18.64,38.13,0
1407,581.8,763.2,19.76,38.07,1
1408,591.5,763.1,20.57,38.04,0
1409,601.2,763.1,21.39,38.0,0
1410,610.9,763.0,22.21,37.97,0
1411,620.6,762.9,23.02,37.93,0
1412,630.3,762.8,23.84,37.89,0
1413,640.0,762.8,24.66,37.86,0
1414,649.7,762.7,25.47,37.82,1
1415,657.6,762.6,26.14,37.78,0
1416,665.5,762.5,26.8,37.74,0
1417,673.4,762.4,27.46,37.7,0
1418,681.4,762.4,28.13,37.66,0
1419,689.3,762.3,28.79,37.62,0
1420,697.2,762.2,29.45,37.59,0
1421,705.1,762.1,30.12,37.55,1
1422,713.0,760.5,30.63,36.97,0
1423,720.9,758.8,31.16,36.4,0
1424,728.8,757.2,31.69,35.81,1
1425,729.5,757.3,31.76,35.84,0
1426,730.3,757.4,31.83,35.86,0
1427,731.0,757.4,31.9,35.89,0
1428,731.8,757.5,31.97,35.91,1
1429,731.2,756.6,31.84,35.59,0
1430,730.7,755.7,31.71,35.26,0
1431,730.1,754.8,31.58,34.94,0
1432,729.5,753.9,31.44,34.61,0
1433,729.0,753.0,31.31,34.27,0
1434,728.4,752.0,31.17,33.94,0
1435,727.8,751.1,31.03,33.6,0
1436,727.3,750.2,30.9,33.26,0
1437,726.7,749.3,30.76,32.92,0
1438,726.1,748.4,30.62,32.58,0
1439,725.6,747.5,30.47,32.23,0
1440,725.0,746.6,30.33,31.88,1
1441,725.2,746.9,30.38,32.01,0
1442,725.4,747.3,30.44,32.14,0
1443,725.6,747.6,30.49,32.27,0
1444,725.8,748.0,30.54,32.4,0
1445,726.0,748.3,30.59,32.53,0
1446,726.2,748.6,30.64,32.65,0
1447,726.4,749.0,30.69,32.78,0
1448,726.6,749.3,30.74,32.91,1
1449,728.6,748.5,30.85,32.62,0
1450,730.5,747.8,30.95,32.33,0
1451,732.5,747.0,31.05,32.04,0
1452,734.4,746.3,31.15,31.75,0
1453,736.4,745.5,31.26,31.46,0
1454,738.4,744.8,31.36,31.16,0
1455,740.3,744.0,31.47,30.86,0
1456,742.3,743.3,31.57,30.56,0
1457,744.2,742.5,31.68,30.26,0
1458,746.2,741.8,31.79,29.95,0
1459,748.1,741.0,31.9,29.65,0
1460,750.1,740.3,32.0,29.34,1
1461,752.2,739.7,32.14,29.09,0
1462,754.3,739.1,32.28,28.84,0
1463,756.4,738.5,32.42,28.59,0
1464,758.5,737.9,32.56,28.34,0
1465,760.6,737.3,32.7,28.09,0
1466,762.7,736.7,32.84,27.83,0
1467,764.8,736.1,32.98,27.58,0
1468,766.9,735.5,33.12,27.32,0
1469,769.0,734.9,33.26,27.06,0
1470,771.1,734.3,33.41,26.8,0
1471,773.2,733.7,33.55,26.54,0
1472,775.3,733.1,33.69,26.28,0
1473,777.4,732.5,33.84,26.01,0
1474,779.5,731.9,33.99,25.75,0
1475,781.6,731.3,34.13,25.48,0
1476,783.7,730.7,34.28,25.21,1
1477,786.8,730.6,34.57,25.18,0
1478,789.8,730.6,34.86,25.15,0
1479,792.9,730.5,35.15,25.12,0
1480,796.0,730.5,35.44,25.09,0
1481,799.0,730.4,35.73,25.06,0
1482,802.1,730.3,36.02,25.03,0
1483,805.1,730.3,36.31,25.0,0
1484,808.2,730.2,36.6,24.97,1
1485,811.1,729.7,36.84,24.73,0
1486,814.1,729.1,37.09,24.48,0
1487,817.0,728.6,37.33,24.24,1
1488,808.0,729.4,36.52,24.61,1
1489,808.2,729.7,36.57,24.76,0
1490,808.4,730.1,36.62,24.91,0
1491,808.7,730.4,36.66,25.06,0
1492,808.9,730.7,36.71,25.2,0
1493,809.1,731.1,36.76,25.35,0
1494,809.3,731.4,36.81,25.5,0
1495,809.6,731.7,36.86,25.65,0
1496,809.8,732.1,36.9,25.79,0
1497,810.0,732.4,36.95,25.94,0
1498,810.2,732.7,37.0,26.08,0
1499,810.4,733.1,37.04,26.23,0
1500,810.7,733.4,37.09,26.37,0
1501,810.9,733.7,37.14,26.52,0
1502,811.1,734.1,37.18,26.66,0
1503,811.3,734.4,37.23,26.8,0
1504,811.6,734.7,37.28,26.95,0
1505,811.8,735.1,37.32,27.09,0
1506,812.0,735.4,37.37,27.23,1
1507,812.6,735.3,37.42,27.2,0
1508,813.1,735.3,37.47,27.18,0
1509,813.7,735.2,37.51,27.15,0
1510,814.3,735.1,37.56,27.12,0
1511,814.8,735.1,37.61,27.09,0
1512,815.4,735.0,37.66,27.06,0
1513,816.0,734.9,37.71,27.03,0
1514,816.5,734.9,37.76,27.01,0
1515,817.1,734.8,37.81,26.98,0
1516,817.6,734.8,37.85,26.95,0
1517,818.2,734.7,37.9,26.92,0
1518,818.8,734.6,37.95,26.89,0
1519,819.3,734.6,38.0,26.86,0
1520,819.9,734.5,38.05,26.84,0
1521,820.5,734.4,38.1,26.81,0
1522,821.0,734.4,38.15,26.78,0
1523,821.6,734.3,38.2,26.75,1
1524,822.0,733.5,38.17,26.39,0
1525,822.3,732.6,38.14,26.04,0
1526,822.6,731.8,38.12,25.67,0
1527,823.0,731.0,38.09,25.31,1
1528,820.8,731.9,37.94,25.7,0
1529,818.5,732.8,37.79,26.09,0
1530,816.3,733.6,37.64,26.47,0
1531,814.0,734.5,37.49,26.85,0
1532,811.8,735.4,37.35,27.23,0
1533,809.5,736.3,37.2,27.6,0
1534,807.3,737.1,37.06,27.97,0
1535,805.0,738.0,36.92,28.34,0
1536,802.8,738.9,36.77,28.71,1
1537,802.8,739.5,36.82,28.95,0
1538,802.8,740.1,36.86,29.2,0
1539,802.8,740.7,36.91,29.44,0
1540,802.8,741.3,36.95,29.68,0
1541,802.8,741.9,37.0,29.92,0
1542,802.8,742.5,37.04,30.16,0
1543,802.8,743.0,37.08,30.39,0
1544,802.8,743.6,37.13,30.63,0
1545,802.8,744.2,37.17,30.86,0
1546,802.8,744.8,37.21,31.1,0
1547,802.8,745.4,37.26,31.33,0
1548,802.8,746.0,37.3,31.56,1
1549,803.0,746.5,37.35,31.75,0
1550,803.1,747.0,37.4,31.95,0
1551,803.3,747.5,37.45,32.14,0
1552,803.4,748.0,37.5,32.33,0
1553,803.6,748.5,37.55,32.52,0
1554,803.8,749.0,37.6,32.71,0
1555,803.9,749.5,37.65,32.9,0
1556,804.1,750.0,37.7,33.09,0
1557,804.2,750.5,37.74,33.28,0
1558,804.4,751.0,37.79,33.46,0
1559,804.5,751.5,37.84,33.65,0
1560,804.7,752.0,37.89,33.83,1
1561,805.0,752.1,37.93,33.89,0
1562,805.4,752.3,37.97,33.94,0
1563,805.7,752.5,38.0,34.0,0
1564,806.0,752.6,38.04,34.05,1
1565,804.6,751.9,37.87,33.79,0
1566,803.3,751.1,37.71,33.52,0
1567,801.9,750.4,37.53,33.25,0
1568,800.5,749.7,37.36,32.98,0
1569,799.2,749.0,37.19,32.71,0
1570,797.8,748.2,37.02,32.43,0
1571,796.5,747.5,36.84,32.15,0
1572,795.1,746.8,36.67,31.88,1
1573,794.3,746.9,36.6,31.91,0
1574,793.5,746.9,36.53,31.94,0
1575,792.7,747.0,36.47,31.97,0
1576,791.9,747.1,36.4,32.0,0
1577,791.1,747.2,36.34,32.03,0
1578,790.4,747.2,36.27,32.06,0
1579,789.6,747.3,36.21,32.09,0
1580,788.8,747.4,36.14,32.12,0
1581,788.0,747.5,36.08,32.15,0
1582,787.2,747.6,36.01,32.17,0
1583,786.4,747.6,35.95,32.2,0
1584,785.6,747.7,35.88,32.23,1
1585,784.6,747.6,35.78,32.21,0
1586,783.5,747.6,35.69,32.18,0
1587,782.5,747.5,35.59,32.15,0
1588,781.5,747.4,35.49,32.12,0
1589,780.5,747.3,35.39,32.1,0
1590,779.5,747.2,35.29,32.07,0
1591,778.4,747.2,35.2,32.04,0
1592,777.4,747.1,35.1,32.01,1
1593,777.0,746.5,35.01,31.77,0
1594,776.7,745.8,34.93,31.52,0
1595,776.3,745.2,34.84,31.27,1
1596,781.6,745.2,35.33,31.29,0
1597,786.9,745.3,35.81,31.3,0
1598,792.2,745.4,36.29,31.32,0
1599,797.5,745.4,36.77,31.33,0
1600,802.8,745.5,37.26,31.34,0
1601,808.0,745.5,37.74,31.36,0
1602,813.3,745.6,38.22,31.37,0
1603,818.6,745.6,38.7,31.38,0
1604,823.9,745.7,39.18,31.4,0
1605,829.2,745.7,39.66,31.41,1
1606,833.9,745.8,40.09,31.45,0
1607,838.6,745.9,40.52,31.48,0
1608,843.3,746.0,40.94,31.51,0
1609,848.0,746.1,41.37,31.55,0
1610,852.7,746.2,41.8,31.58,0
1611,857.4,746.3,42.22,31.61,0
1612,862.1,746.4,42.65,31.65,0
1613,866.8,746.5,43.07,31.68,0
1614,871.5,746.6,43.5,31.72,0
1615,876.1,746.7,43.92,31.75,0
1616,880.8,746.8,44.35,31.78,0
1617,885.5,746.9,44.77,31.82,0
1618,890.2,747.0,45.19,31.85,0
1619,894.9,747.1,45.62,31.88,0
1620,899.6,747.2,46.04,31.92,0
1621,904.3,747.3,46.46,31.95,0
1622,909.0,747.4,46.88,31.98,0
1623,913.7,747.5,47.3,32.02,0
1624,918.4,747.6,47.72,32.05,0
1625,923.1,747.7,48.14,32.08,0
1626,927.8,747.8,48.56,32.11,0
1627,932.5,747.9,48.98,32.15,0
1628,937.2,748.0,49.4,32.18,0
1629,941.9,748.1,49.81,32.21,0
1630,946.6,748.2,50.23,32.25,0
1631,951.3,748.3,50.65,32.28,0
1632,956.0,748.4,51.06,32.31,0
1633,960.7,748.5,51.48,32.35,0
1634,965.4,748.6,51.89,32.38,0
1635,970.0,748.7,52.31,32.41,0
1636,974.7,748.8,52.72,32.44,0
1637,979.4,748.9,53.14,32.48,0
1638,984.1,749.0,53.55,32.51,0
1639,988.8,749.1,53.96,32.54,0
1640,993.5,749.2,54.37,32.57,0
1641,998.2,749.3,54.79,32.61,0
1642,1002.9,749.4,55.2,32.64,0
1643,1007.6,749.5,55.61,32.67,0
1644,1012.3,749.6,56.02,32.7,1
1645,1014.5,749.7,56.21,32.76,0
1646,1016.7,749.9,56.4,32.81,0
1647,1018.9,750.0,56.59,32.86,0
1648,1021.1,750.2,56.79,32.91,0
1649,1023.3,750.3,56.98,32.96,0
1650,1025.6,750.5,57.17,33.02,0
1651,1027.8,750.6,57.36,33.07,0
1652,1030.0,750.8,57.55,33.12,0
1653,1032.2,750.9,57.74,33.17,0
1654,1034.4,751.1,57.93,33.22,0
1655,1036.6,751.2,58.12,33.27,1
1656,1028.5,752.9,57.39,33.91,0
1657,1020.3,754.6,56.67,34.54,0
1658,1012.2,756.3,55.97,35.16,0
1659,1004.0,758.0,55.27,35.77,0
1660,995.9,759.7,54.58,36.37,0
1661,987.7,761.4,53.89,36.96,0
1662,979.6,763.1,53.22,37.55,0
1663,971.4,764.8,52.56,38.13,0
1664,963.3,766.5,51.9,38.71,0
1665,955.1,768.2,51.25,39.27,0
1666,947.0,769.9,50.61,39.83,0
1667,938.8,771.6,49.98,40.38,0
1668,930.7,773.3,49.36,40.93,1
1669,925.2,775.7,48.97,41.68,0
1670,919.7,778.1,48.58,42.43,0
1671,914.3,780.6,48.21,43.16,0
1672,908.8,783.0,47.84,43.88,0
1673,903.3,785.4,47.48,44.58,0
1674,897.8,787.8,47.12,45.28,0
1675,892.3,790.2,46.77,45.96,0
1676,886.9,792.7,46.42,46.63,0
1677,881.4,795.1,46.08,47.29,0
1678,875.9,797.5,45.75,47.94,0
1679,870.4,799.9,45.42,48.58,0
1680,865.0,802.3,45.1,49.21,0
1681,859.5,804.8,44.78,49.83,0
1682,854.0,807.2,44.47,50.44,0
1683,848.5,809.6,44.16,51.03,0
1684,843.0,812.0,43.85,51.62,0
1685,837.6,814.5,43.56,52.2,0
1686,832.1,816.9,43.26,52.78,0
1687,826.6,819.3,42.97,53.34,0
1688,821.1,821.7,42.69,53.89,0
1689,815.6,824.1,42.41,54.44,0
1690,810.2,826.6,42.13,54.98,0
1691,804.7,829.0,41.86,55.51,0
1692,799.2,831.4,41.59,56.03,1
1693,796.8,832.7,41.48,56.3,0
1694,794.4,834.0,41.38,56.57,0
1695,792.1,835.2,41.27,56.84,0
1696,789.7,836.5,41.17,57.11,0
1697,787.3,837.8,41.06,57.37,0
1698,784.9,839.1,40.96,57.64,0
1699,782.5,840.4,40.86,57.9,0
1700,780.1,841.7,40.76,58.16,0
1701,777.8,842.9,40.66,58.41,0
1702,775.4,844.2,40.56,58.67,0
1703,773.0,845.5,40.46,58.92,0
1704,770.6,846.8,40.36,59.17,0
1705,768.2,848.1,40.27,59.42,0
1706,765.8,849.4,40.17,59.67,0
1707,763.5,850.6,40.07,59.91,0
1708,761.1,851.9,39.98,60.16,0
1709,758.7,853.2,39.88,60.4,0
1710,756.3,854.5,39.79,60.64,0
1711,753.9,855.8,39.7,60.88,0
1712,751.5,857.1,39.61,61.11,0
1713,749.2,858.3,39.51,61.35,0
1714,746.8,859.6,39.42,61.58,0
1715,744.4,860.9,39.33,61.81,1
1716,729.9,867.2,38.73,62.93,1
1717,730.0,866.9,38.73,62.88,0
1718,730.2,866.6,38.72,62.82,0
1719,730.3,866.2,38.71,62.77,0
1720,730.4,865.9,38.71,62.71,0
1721,730.6,865.6,38.7,62.66,0
1722,730.7,865.3,38.7,62.6,1
1723,732.0,867.9,38.89,63.04,0
1724,733.4,870.5,39.08,63.48,0
1725,734.7,873.1,39.27,63.91,0
1726,736.0,875.6,39.45,64.33,0
1727,737.4,878.2,39.63,64.75,0
1728,738.7,880.8,39.81,65.16,0
1729,740.1,883.4,39.99,65.56,0
1730,741.4,886.0,40.17,65.96,0
1731,742.7,888.6,40.34,66.36,0
1732,744.1,891.1,40.51,66.75,0
1733,745.4,893.7,40.68,67.13,0
1734,746.7,896.3,40.84,67.51,0
1735,748.1,898.9,41.01,67.88,0
1736,749.4,901.5,41.17,68.25,0
1737,750.8,904.1,41.33,68.62,0
1738,752.1,906.6,41.48,68.97,0
1739,753.4,909.2,41.64,69.33,0
1740,754.8,911.8,41.79,69.68,0
1741,756.1,914.4,41.94,70.02,1
1742,754.7,916.6,41.94,70.32,0
1743,753.4,918.9,41.94,70.62,0
1744,752.0,921.1,41.93,70.91,0
1745,750.6,923.3,41.93,71.2,0
1746,749.3,925.5,41.93,71.48,0
1747,747.9,927.8,41.92,71.76,0
1748,746.6,930.0,41.92,72.04,0
1749,745.2,932.2,41.92,72.32,0
1750,743.8,934.4,41.91,72.59,0
1751,742.5,936.7,41.91,72.86,0
1752,741.1,938.9,41.91,73.13,1
1753,740.5,940.2,41.92,73.29,0
1754,740.0,941.5,41.93,73.45,0
1755,739.4,942.9,41.94,73.6,0
1756,738.8,944.2,41.95,73.76,0
1757,738.3,945.5,41.96,73.91,0
1758,737.7,946.8,41.97,74.06,0
1759,737.1,948.2,41.98,74.22,0
1760,736.6,949.5,41.99,74.37,0
1761,736.0,950.8,42.0,74.52,0
1762,735.4,952.1,42.01,74.67,0
1763,734.9,953.5,42.02,74.82,0
1764,734.3,954.8,42.03,74.96,1
1765,733.6,958.5,42.1,75.37,0
1766,733.0,962.2,42.17,75.77,0
1767,732.3,966.0,42.24,76.17,0
1768,731.6,969.7,42.3,76.56,0
1769,730.9,973.4,42.37,76.94,0
1770,730.3,977.1,42.43,77.32,0
1771,729.6,980.8,42.5,77.69,0
1772,728.9,984.5,42.56,78.05,0
1773,728.2,988.3,42.62,78.41,0
1774,727.6,992.0,42.68,78.76,0
1775,726.9,995.7,42.74,79.11,1
1776,725.8,996.6,42.72,79.2,0
1777,724.6,997.5,42.69,79.28,0
1778,723.5,998.3,42.66,79.36,0
1779,722.3,999.2,42.63,79.44,0
1780,721.2,1000.1,42.6,79.52,1
1781,720.2,1004.0,42.65,79.88,0
1782,719.3,1007.9,42.7,80.22,0
1783,718.3,1011.8,42.75,80.56,0
1784,717.3,1015.6,42.8,80.9,0
1785,716.3,1019.5,42.85,81.23,0
1786,715.4,1023.4,42.9,81.56,0
1787,714.4,1027.3,42.94,81.88,1
1788,712.8,1030.8,42.95,82.17,0
1789,711.2,1034.4,42.97,82.46,0
1790,709.6,1038.0,42.98,82.74,0
1791,708.0,1041.5,42.99,83.02,0
1792,706.3,1045.0,43.0,83.29,0
1793,704.7,1048.6,43.01,83.56,0
1794,703.1,1052.1,43.02,83.83,0
1795,701.5,1055.7,43.04,84.1,0
1796,699.9,1059.2,43.05,84.36,0
1797,698.3,1062.8,43.06,84.62,1
1798,697.0,1065.5,43.06,84.81,0
1799,695.8,1068.3,43.07,85.01,0
1800,694.5,1071.0,43.08,85.2,0
1801,693.3,1073.8,43.09,85.39,0
1802,692.0,1076.5,43.09,85.58,1
1803,691.0,1076.9,43.07,85.61,0
1804,690.0,1077.3,43.04,85.64,0
1805,689.1,1077.8,43.01,85.67,0
1806,688.1,1078.2,42.98,85.7,0
1807,687.1,1078.6,42.95,85.73,1
1808,688.2,1077.6,42.97,85.66,0
1809,689.2,1076.7,42.99,85.6,0
1810,690.3,1075.7,43.01,85.53,0
1811,691.4,1074.7,43.03,85.46,0
1812,692.4,1073.7,43.06,85.39,0
1813,693.5,1072.8,43.08,85.32,0
1814,694.6,1071.8,43.1,85.25,0
1815,695.6,1070.8,43.12,85.19,0
1816,696.7,1069.8,43.14,85.12,0
1817,697.8,1068.9,43.16,85.05,0
1818,698.9,1067.9,43.18,84.98,0
1819,699.9,1066.9,43.2,84.91,0
1820,701.0,1066.0,43.22,84.84,0
1821,702.1,1065.0,43.25,84.77,0
1822,703.1,1064.0,43.27,84.7,0
1823,704.2,1063.0,43.29,84.63,0
1824,705.3,1062.1,43.31,84.56,0
1825,706.3,1061.1,43.33,84.48,0
1826,707.4,1060.1,43.36,84.41,0
1827,708.5,1059.2,43.38,84.34,0
1828,709.5,1058.2,43.4,84.27,0
1829,710.6,1057.2,43.42,84.2,0
1830,711.7,1056.2,43.44,84.12,0
1831,712.7,1055.3,43.47,84.05,0
1832,713.8,1054.3,43.49,83.98,0
1833,714.9,1053.3,43.51,83.9,0
1834,716.0,1052.3,43.53,83.83,0
1835,717.0,1051.4,43.56,83.76,0
1836,718.1,1050.4,43.58,83.68,0
1837,719.2,1049.4,43.6,83.61,0
1838,720.2,1048.5,43.62,83.53,0
1839,721.3,1047.5,43.65,83.46,0
1840,722.4,1046.5,43.67,83.38,0
1841,723.4,1045.5,43.69,83.31,0
1842,724.5,1044.6,43.72,83.23,0
1843,725.6,1043.6,43.74,83.16,0
1844,726.6,1042.6,43.76,83.08,0
1845,727.7,1041.7,43.79,83.0,0
1846,728.8,1040.7,43.81,82.93,0
1847,729.8,1039.7,43.83,82.85,0
1848,730.9,1038.7,43.86,82.77,0
1849,732.0,1037.8,43.88,82.7,0
1850,733.1,1036.8,43.9,82.62,0
1851,734.1,1035.8,43.93,82.54,0
1852,735.2,1034.8,43.95,82.46,0
1853,736.3,1033.9,43.98,82.38,0
1854,737.3,1032.9,44.0,82.3,0
1855,738.4,1031.9,44.03,82.22,0
1856,739.5,1031.0,44.05,82.14,0
1857,740.5,1030.0,44.07,82.06,0
1858,741.6,1029.0,44.1,81.98,0
1859,742.7,1028.0,44.12,81.9,0
1860,743.7,1027.1,44.15,81.82,0
1861,744.8,1026.1,44.17,81.74,0
1862,745.9,1025.1,44.2,81.66,0
1863,746.9,1024.2,44.22,81.58,0
1864,748.0,1023.2,44.25,81.5,0
1865,749.1,1022.2,44.27,81.41,0
1866,750.2,1021.2,44.3,81.33,0
1867,751.2,1020.3,44.32,81.25,0
1868,752.3,1019.3,44.35,81.16,0
1869,753.4,1018.3,44.38,81.08,0
1870,754.4,1017.3,44.4,81.0,0
1871,755.5,1016.4,44.43,80.91,0
1872,756.6,1015.4,44.45,80.83,0
1873,757.6,1014.4,44.48,80.74,0
1874,758.7,1013.5,44.5,80.66,0
1875,759.8,1012.5,44.53,80.57,0
1876,760.8,1011.5,44.56,80.49,0
1877,761.9,1010.5,44.58,80.4,0
1878,763.0,1009.6,44.61,80.31,0
1879,764.0,1008.6,44.64,80.23,0
1880,765.1,1007.6,44.66,80.14,0
1881,766.2,1006.7,44.69,80.05,0
1882,767.3,1005.7,44.72,79.97,0
1883,768.3,1004.7,44.74,79.88,0
1884,769.4,1003.7,44.77,79.79,0
1885,770.5,1002.8,44.8,79.7,0
1886,771.5,1001.8,44.83,79.61,0
1887,772.6,1000.8,44.85,79.52,0
1888,773.7,999.8,44.88,79.43,0
1889,774.7,998.9,44.91,79.34,0
1890,775.8,997.9,44.94,79.25,1
1891,777.2,996.5,44.97,79.12,0
1892,778.6,995.2,45.01,78.99,0
1893,780.1,993.8,45.04,78.87,0
1894,781.5,992.5,45.08,78.74,0
1895,782.9,991.1,45.12,78.61,1
1896,783.5,989.9,45.12,78.49,0
1897,784.1,988.7,45.12,78.37,0
1898,784.7,987.5,45.12,78.26,0
1899,785.2,986.2,45.13,78.14,0
1900,785.8,985.0,45.13,78.02,0
1901,786.4,983.8,45.13,77.9,0
1902,787.0,982.6,45.13,77.78,0
1903,787.6,981.4,45.14,77.66,0
1904,788.2,980.1,45.14,77.54,0
1905,788.8,978.9,45.14,77.42,0
1906,789.4,977.7,45.15,77.3,0
1907,790.0,976.5,45.15,77.17,0
1908,790.5,975.3,45.15,77.05,0
1909,791.1,974.1,45.15,76.93,0
1910,791.7,972.9,45.16,76.8,0
1911,792.3,971.6,45.16,76.68,0
1912,792.9,970.4,45.16,76.55,0
1913,793.5,969.2,45.16,76.42,0
1914,794.1,968.0,45.17,76.3,0
1915,794.6,966.8,45.17,76.17,0
1916,795.2,965.5,45.17,76.04,0
1917,795.8,964.3,45.18,75.91,0
1918,796.4,963.1,45.18,75.78,0
1919,797.0,961.9,45.18,75.65,1
1920,796.8,960.8,45.15,75.53,0
1921,796.6,959.6,45.12,75.4,0
1922,796.5,958.5,45.08,75.28,0
1923,796.3,957.3,45.05,75.15,0
1924,796.1,956.2,45.02,75.03,0
1925,795.9,955.0,44.99,74.9,0
1926,795.7,953.9,44.95,74.77,0
1927,795.6,952.7,44.92,74.65,0
1928,795.4,951.6,44.89,74.52,0
1929,795.2,950.4,44.85,74.39,0
1930,795.0,949.3,44.82,74.26,0
1931,794.8,948.1,44.79,74.13,0
1932,794.6,947.0,44.75,74.0,0
1933,794.5,945.8,44.72,73.87,0
1934,794.3,944.7,44.68,73.73,0
1935,794.1,943.5,44.65,73.6,0
1936,793.9,942.4,44.61,73.47,0
1937,793.7,941.2,44.58,73.33,0
1938,793.6,940.1,44.54,73.2,0
1939,793.4,938.9,44.51,73.06,0
1940,793.2,937.8,44.47,72.93,0
1941,793.0,936.6,44.44,72.79,0
1942,792.8,935.5,44.4,72.65,0
1943,792.7,934.3,44.36,72.51,0
1944,792.5,933.2,44.33,72.37,0
1945,792.3,932.0,44.29,72.23,0
1946,792.1,930.9,44.25,72.09,0
1947,791.9,929.8,44.22,71.95,0
1948,791.8,928.6,44.18,71.81,0
1949,791.6,927.5,44.14,71.66,0
1950,791.4,926.3,44.11,71.52,0
1951,791.2,925.2,44.07,71.38,0
1952,791.0,924.0,44.03,71.23,0
1953,790.9,922.9,43.99,71.08,0
1954,790.7,921.7,43.95,70.94,0
1955,790.5,920.6,43.91,70.79,0
1956,790.3,919.4,43.88,70.64,0
1957,790.1,918.3,43.84,70.49,0
1958,790.0,917.1,43.8,70.34,0
1959,789.8,916.0,43.76,70.19,0
1960,789.6,914.8,43.72,70.03,0
1961,789.4,913.7,43.68,69.88,0
1962,789.2,912.5,43.64,69.73,0
1963,789.0,911.4,43.6,69.57,0
1964,788.9,910.2,43.56,69.42,0
1965,788.7,909.1,43.52,69.26,0
1966,788.5,907.9,43.48,69.1,0
1967,788.3,906.8,43.43,68.94,0
1968,788.1,905.6,43.39,68.78,0
1969,788.0,904.5,43.35,68.62,0
1970,787.8,903.3,43.31,68.46,0
1971,787.6,902.2,43.27,68.3,1
1972,787.6,902.2,43.27,68.3,0
1973,787.5,902.2,43.26,68.3,0
1974,787.5,902.2,43.26,68.3,0
1975,787.5,902.2,43.26,68.3,0
1976,787.5,902.2,43.26,68.3,0
1977,787.4,902.2,43.26,68.3,0
1978,787.4,902.2,43.26,68.3,0
1979,787.4,902.2,43.26,68.3,0
1980,787.4,902.2,43.25,68.3,0
1981,787.3,902.2,43.25,68.3,0
1982,787.3,902.2,43.25,68.3,0
1983,787.3,902.2,43.25,68.3,0
1984,787.3,902.2,43.25,68.3,0
1985,787.2,902.2,43.25,68.3,0
1986,787.2,902.2,43.25,68.3,0
1987,787.2,902.2,43.24,68.3,0
1988,787.2,902.2,43.24,68.3,0
1989,787.1,902.2,43.24,68.3,0
1990,787.1,902.2,43.24,68.3,0
1991,787.1,902.2,43.24,68.3,0
1992,787.1,902.2,43.24,68.3,0
1993,787.0,902.2,43.24,68.3,0
1994,787.0,902.2,43.23,68.3,0
1995,787.0,902.2,43.23,68.3,0
1996,787.0,902.2,43.23,68.3,0
1997,786.9,902.2,43.23,68.3,0
1998,786.9,902.2,43.23,68.3,0
1999,786.9,902.2,43.23,68.3,0
2000,786.8,902.2,43.23,68.3,0
2001,786.8,902.2,43.22,68.3,0
2002,786.8,902.2,43.22,68.3,0
2003,786.8,902.2,43.22,68.3,0
2004,786.7,902.2,43.22,68.3,0
2005,786.7,902.2,43.22,68.3,0
2006,786.7,902.2,43.22,68.3,0
2007,786.7,902.2,43.22,68.3,0
2008,786.6,902.2,43.21,68.3,0
2009,786.6,902.2,43.21,68.3,0
2010,786.6,902.2,43.21,68.3,0
2011,786.6,902.2,43.21,68.3,0
2012,786.5,902.2,43.21,68.3,0
2013,786.5,902.2,43.21,68.3,0
2014,786.5,902.2,43.21,68.3,0
2015,786.5,902.2,43.2,68.3,0
2016,786.4,902.2,43.2,68.3,0
2017,786.4,902.2,43.2,68.3,0
2018,786.4,902.2,43.2,68.3,0
2019,786.4,902.2,43.2,68.3,0
2020,786.3,902.2,43.2,68.3,0
2021,786.3,902.2,43.2,68.3,1
2022,786.3,902.2,43.2,68.3,0
2023,786.3,902.2,43.2,68.3,0
2024,786.3,902.2,43.2,68.3,0
2025,786.3,902.2,43.2,68.3,0
2026,786.3,902.2,43.2,68.3,0
2027,786.3,902.2,43.2,68.3,0
2028,786.3,902.2,43.2,68.3,0
2029,786.3,902.2,43.2,68.3,0
2030,786.3,902.2,43.2,68.3,0
2031,786.3,902.2,43.2,68.3,0
2032,786.3,902.2,43.2,68.3,0
2033,786.3,902.2,43.2,68.3,0
2034,786.3,902.2,43.2,68.3,0
2035,786.3,902.2,43.2,68.3,0
2036,786.3,902.2,43.2,68.3,0
2037,786.3,902.2,43.2,68.3,1
2038,783.4,899.0,42.94,67.84,0
2039,780.5,895.7,42.69,67.37,0
2040,777.6,892.5,42.42,66.9,0
2041,774.6,889.2,42.16,66.41,0
2042,771.7,886.0,41.89,65.92,0
2043,768.8,882.7,41.61,65.42,0
2044,765.9,879.5,41.33,64.91,0
2045,763.0,876.2,41.05,64.39,0
2046,760.1,873.0,40.75,63.86,0
2047,757.1,869.7,40.46,63.32,0
2048,754.2,866.5,40.16,62.77,0
2049,751.3,863.2,39.85,62.21,0
2050,748.4,860.0,39.54,61.65,0
2051,745.5,856.8,39.22,61.07,0
2052,742.6,853.5,38.9,60.48,0
2053,739.7,850.3,38.56,59.88,0
2054,736.7,847.0,38.23,59.26,0
2055,733.8,843.8,37.88,58.64,0
2056,730.9,840.5,37.53,58.0,0
2057,728.0,837.3,37.18,57.35,0
2058,725.1,834.0,36.81,56.69,0
2059,722.2,830.8,36.44,56.01,0
2060,719.2,827.5,36.06,55.32,0
2061,716.3,824.3,35.67,54.62,0
2062,713.4,821.0,35.28,53.9,0
2063,710.5,817.8,34.87,53.16,1
2064,709.5,815.8,34.68,52.7,0
2065,708.6,813.8,34.48,52.24,0
2066,707.6,811.8,34.28,51.77,0
2067,706.6,809.9,34.08,51.29,0
2068,705.6,807.9,33.88,50.81,0
2069,704.7,805.9,33.67,50.32,0
2070,703.7,803.9,33.46,49.82,1
2071,701.7,803.8,33.3,49.8,0
2072,699.7,803.7,33.15,49.77,0
2073,697.6,803.5,32.99,49.74,0
2074,695.6,803.4,32.83,49.71,0
2075,693.6,803.3,32.68,49.68,0
2076,691.6,803.2,32.52,49.66,0
2077,689.5,803.0,32.36,49.63,0
2078,687.5,802.9,32.21,49.6,0
2079,685.5,802.8,32.05,49.57,0
2080,683.5,802.7,31.89,49.54,0
2081,681.5,802.6,31.73,49.52,0
2082,679.4,802.4,31.58,49.49,0
2083,677.4,802.3,31.42,49.46,0
2084,675.4,802.2,31.26,49.43,0
2085,673.4,802.1,31.1,49.4,0
2086,671.3,801.9,30.94,49.37,0
2087,669.3,801.8,30.79,49.35,0
2088,667.3,801.7,30.63,49.32,0
2089,665.3,801.6,30.47,49.29,0
2090,663.3,801.5,30.31,49.26,0
2091,661.2,801.3,30.15,49.23,0
2092,659.2,801.2,29.99,49.2,0
2093,657.2,801.1,29.83,49.17,0
2094,655.2,801.0,29.67,49.15,0
2095,653.1,800.8,29.51,49.12,0
2096,651.1,800.7,29.35,49.09,0
2097,649.1,800.6,29.19,49.06,1
2098,645.3,800.9,28.94,49.13,0
2099,641.6,801.1,28.69,49.21,0
2100,637.8,801.4,28.43,49.28,0
2101,634.0,801.7,28.18,49.35,0
2102,630.3,801.9,27.92,49.43,0
2103,626.5,802.2,27.67,49.5,1
2104,623.7,802.1,27.46,49.49,0
2105,620.8,802.1,27.24,49.47,0
2106,618.0,802.0,27.02,49.46,0
2107,615.1,801.9,26.81,49.44,0
2108,612.3,801.8,26.59,49.43,0
2109,609.4,801.8,26.37,49.42,0
2110,606.6,801.7,26.16,49.4,1
2111,603.4,801.8,25.93,49.42,0
2112,600.3,801.8,25.71,49.45,0
2113,597.1,801.9,25.48,49.47,0
2114,594.0,802.0,25.26,49.49,0
2115,590.8,802.1,25.03,49.52,0
2116,587.7,802.1,24.81,49.54,0
2117,584.5,802.2,24.58,49.56,0
2118,581.4,802.3,24.36,49.59,0
2119,578.2,802.4,24.13,49.61,0
2120,575.1,802.4,23.91,49.63,0
2121,571.9,802.5,23.68,49.65,1
2122,568.9,802.8,23.48,49.72,0
2123,565.8,803.0,23.28,49.79,0
2124,562.8,803.2,23.09,49.86,0
2125,559.7,803.5,22.89,49.93,0
2126,556.6,803.8,22.69,49.99,0
2127,553.6,804.0,22.49,50.06,0
2128,550.5,804.2,22.3,50.13,0
2129,547.5,804.5,22.1,50.2,0
2130,544.4,804.8,21.91,50.26,0
2131,541.4,805.0,21.71,50.33,1
2132,540.5,805.1,21.66,50.36,0
2133,539.5,805.3,21.6,50.4,0
2134,538.6,805.4,21.55,50.43,0
2135,537.7,805.5,21.5,50.46,0
2136,536.8,805.6,21.44,50.49,0
2137,535.8,805.8,21.39,50.53,0
2138,534.9,805.9,21.33,50.56,0
2139,534.0,806.0,21.28,50.59,0
2140,533.1,806.1,21.23,50.63,0
2141,532.1,806.3,21.17,50.66,0
2142,531.2,806.4,21.12,50.69,0
2143,530.3,806.5,21.07,50.72,0
2144,529.4,806.6,21.01,50.76,0
2145,528.4,806.8,20.96,50.79,0
2146,527.5,806.9,20.91,50.82,1
2147,527.8,809.5,21.22,51.45,0
2148,528.1,812.0,21.52,52.07,0
2149,528.4,814.6,21.82,52.67,0
2150,528.7,817.1,22.11,53.27,0
2151,529.0,819.7,22.4,53.86,0
2152,529.3,822.3,22.69,54.44,0
2153,529.7,824.8,22.97,55.0,0
2154,530.0,827.4,23.24,55.56,0
2155,530.3,830.0,23.51,56.11,0
2156,530.6,832.5,23.78,56.65,0
2157,530.9,835.1,24.04,57.19,0
2158,531.2,837.6,24.3,57.71,0
2159,531.5,840.2,24.55,58.23,1
2160,533.4,840.5,24.71,58.29,0
2161,535.4,840.9,24.87,58.35,0
2162,537.3,841.2,25.02,58.42,1
2163,539.1,841.0,25.12,58.38,0
2164,540.9,840.9,25.23,58.35,0
2165,542.7,840.7,25.33,58.31,0
2166,544.5,840.6,25.43,58.28,0
2167,546.3,840.4,25.54,58.24,1
2168,547.7,840.3,25.62,58.22,0
2169,549.1,840.2,25.7,58.2,0
2170,550.5,840.1,25.79,58.18,0
2171,551.9,840.0,25.87,58.16,0
2172,553.3,839.9,25.95,58.13,0
2173,554.7,839.8,26.03,58.11,0
2174,556.1,839.7,26.12,58.09,0
2175,557.5,839.6,26.2,58.07,1
2176,559.5,839.2,26.3,57.99,0
2177,561.6,838.9,26.41,57.92,0
2178,563.7,838.6,26.51,57.85,0
2179,565.7,838.2,26.62,57.77,1
2180,570.1,838.8,26.96,57.89,0
2181,574.5,839.5,27.3,58.02,0
2182,578.8,840.1,27.63,58.14,0
2183,583.2,840.7,27.97,58.26,0
2184,587.6,841.4,28.31,58.37,0
2185,592.0,842.0,28.64,58.49,0
2186,596.4,842.6,28.97,58.61,0
2187,600.8,843.2,29.3,58.73,0
2188,605.1,843.9,29.63,58.85,0
2189,609.5,844.5,29.96,58.96,0
2190,613.9,845.1,30.29,59.08,0
2191,618.3,845.8,30.61,59.2,0
2192,622.7,846.4,30.94,59.31,0
2193,627.0,847.0,31.26,59.43,0
2194,631.4,847.7,31.58,59.54,0
2195,635.8,848.3,31.9,59.66,1
2196,639.3,848.9,32.16,59.76,0
2197,642.8,849.5,32.42,59.87,0
2198,646.3,850.1,32.68,59.98,0
2199,649.8,850.7,32.94,60.09,0
2200,653.2,851.3,33.2,60.2,0
2201,656.7,851.9,33.45,60.3,0
2202,660.2,852.5,33.71,60.41,0
2203,663.7,853.1,33.96,60.52,0
2204,667.2,853.7,34.21,60.62,0
2205,670.7,854.3,34.47,60.73,1
2206,672.3,854.6,34.59,60.79,0
2207,673.9,855.0,34.71,60.84,0
2208,675.5,855.3,34.82,60.9,0
2209,677.1,855.6,34.94,60.96,0
2210,678.8,856.0,35.06,61.02,0
2211,680.4,856.3,35.18,61.08,0
2212,682.0,856.6,35.3,61.13,0
2213,683.6,856.9,35.41,61.19,0
2214,685.2,857.3,35.53,61.25,0
2215,686.8,857.6,35.65,61.31,1
2216,686.8,857.6,35.65,61.31,0
2217,686.8,857.6,35.65,61.31,0
2218,686.8,857.6,35.65,61.31,0
2219,686.8,857.6,35.65,61.31,0
2220,686.8,857.6,35.65,61.31,0
2221,686.8,857.6,35.65,61.31,0
2222,686.8,857.6,35.65,61.31,0
2223,686.8,857.6,35.65,61.31,0
2224,686.8,857.6,35.65,61.31,0
2225,686.8,857.6,35.65,61.31,1
2226,686.9,857.8,35.67,61.35,0
2227,687.0,858.0,35.69,61.38,0
2228,687.2,858.3,35.71,61.42,0
2229,687.3,858.5,35.72,61.46,0
2230,687.4,858.7,35.74,61.5,1
2231,689.8,857.7,35.84,61.32,0
2232,692.1,856.7,35.93,61.14,0
2233,694.5,855.7,36.02,60.95,0
2234,696.8,854.7,36.11,60.76,0
2235,699.1,853.7,36.2,60.58,0
2236,701.5,852.7,36.3,60.39,1
2237,702.9,852.4,36.37,60.33,0
2238,704.2,852.2,36.44,60.28,0
2239,705.6,851.9,36.51,60.23,0
2240,707.0,851.6,36.58,60.17,1
2241,708.7,851.1,36.66,60.08,0
2242,710.4,850.6,36.75,59.99,0
2243,712.1,850.1,36.83,59.89,0
2244,713.8,849.6,36.91,59.8,0
2245,715.5,849.2,36.99,59.7,0
2246,717.1,848.7,37.07,59.61,0
2247,718.8,848.2,37.15,59.51,0
2248,720.5,847.7,37.23,59.41,0
2249,722.2,847.2,37.32,59.32,0
2250,723.9,846.7,37.4,59.22,1
2251,723.5,845.3,37.3,58.96,0
2252,723.1,844.0,37.21,58.69,0
2253,722.6,842.6,37.11,58.43,0
2254,722.2,841.2,37.01,58.16,0
2255,721.8,839.9,36.91,57.89,0
2256,721.4,838.5,36.81,57.61,0
2257,721.0,837.2,36.71,57.34,0
2258,720.6,835.8,36.61,57.06,0
2259,720.1,834.4,36.51,56.78,0
2260,719.7,833.1,36.41,56.49,0
2261,719.3,831.7,36.3,56.21,1
2262,722.5,832.2,36.54,56.31,0
2263,725.6,832.7,36.78,56.41,0
2264,728.8,833.2,37.01,56.51,0
2265,731.9,833.7,37.25,56.61,0
2266,735.1,834.2,37.48,56.71,1
2267,737.0,833.9,37.59,56.64,0
2268,738.8,833.6,37.7,56.58,0
2269,740.7,833.3,37.8,56.51,0
2270,742.6,833.0,37.91,56.45,0
2271,744.4,832.7,38.02,56.38,0
2272,746.3,832.4,38.13,56.32,0
2273,748.1,832.1,38.24,56.25,0
2274,750.0,831.8,38.35,56.19,0
2275,751.9,831.5,38.45,56.12,0
2276,753.7,831.2,38.56,56.05,0
2277,755.6,830.9,38.67,55.99,1
2278,759.1,830.1,38.86,55.8,0
2279,762.5,829.2,39.05,55.62,0
2280,766.0,828.4,39.25,55.43,0
2281,769.5,827.5,39.44,55.24,0
2282,773.0,826.7,39.63,55.06,0
2283,776.4,825.8,39.83,54.87,0
2284,779.9,825.0,40.02,54.68,0
2285,783.4,824.1,40.22,54.49,0
2286,786.9,823.3,40.42,54.29,0
2287,790.3,822.4,40.62,54.1,0
2288,793.8,821.6,40.82,53.91,1
2289,795.4,821.0,40.9,53.76,0
2290,797.1,820.3,40.99,53.61,0
2291,798.7,819.7,41.07,53.46,0
2292,800.3,819.0,41.15,53.31,0
2293,802.0,818.4,41.24,53.16,0
2294,803.6,817.7,41.33,53.01,0
2295,805.3,817.1,41.41,52.86,0
2296,806.9,816.4,41.5,52.71,0
2297,808.5,815.8,41.58,52.56,0
2298,810.2,815.1,41.67,52.41,0
2299,811.8,814.5,41.76,52.25,1
2300,816.3,813.4,42.03,51.99,0
2301,820.8,812.3,42.3,51.72,1
2302,828.4,811.0,42.79,51.4,0
2303,836.1,809.7,43.28,51.07,0
2304,843.7,808.4,43.77,50.75,0
2305,851.4,807.1,44.27,50.42,0
2306,859.0,805.8,44.78,50.08,1
2307,864.8,805.0,45.17,49.88,0
2308,870.5,804.2,45.56,49.68,0
2309,876.3,803.5,45.95,49.47,0
2310,882.1,802.7,46.35,49.26,0
2311,887.8,801.9,46.74,49.06,0
2312,893.6,801.1,47.14,48.85,1
2313,899.0,800.3,47.51,48.65,0
2314,904.3,799.6,47.89,48.44,0
2315,909.7,798.8,48.26,48.24,0
2316,915.0,798.1,48.64,48.03,0
2317,920.4,797.3,49.02,47.83,1
2318,925.2,796.4,49.36,47.59,0
2319,930.0,795.6,49.7,47.36,0
2320,934.9,794.7,50.04,47.12,0
2321,939.7,793.9,50.39,46.88,0
2322,944.5,793.0,50.74,46.64,0
2323,949.3,792.1,51.09,46.4,0
2324,954.2,791.3,51.44,46.16,0
2325,959.0,790.4,51.79,45.92,0
2326,963.8,789.5,52.15,45.67,0
2327,968.6,788.7,52.51,45.42,0
2328,973.5,787.8,52.86,45.18,0
2329,978.3,787.0,53.23,44.93,0
2330,983.1,786.1,53.59,44.68,1
2331,986.6,785.6,53.86,44.52,0
2332,990.1,785.0,54.13,44.36,0
2333,993.7,784.5,54.4,44.2,0
2334,997.2,783.9,54.67,44.04,0
2335,1000.7,783.4,54.94,43.88,0
2336,1004.2,782.9,55.21,43.72,0
2337,1007.7,782.3,55.48,43.55,0
2338,1011.3,781.8,55.76,43.39,0
2339,1014.8,781.2,56.03,43.23,0
2340,1018.3,780.7,56.31,43.06,1
2341,1017.6,780.3,56.26,42.96,0
2342,1016.9,780.0,56.2,42.85,0
2343,1016.2,779.6,56.15,42.74,1
2344,1015.7,779.2,56.12,42.63,0
2345,1015.3,778.9,56.08,42.52,0
2346,1014.8,778.5,56.05,42.41,1
2347,1014.6,778.2,56.03,42.32,0
2348,1014.4,777.9,56.02,42.23,0
2349,1014.1,777.6,56.0,42.14,0
2350,1013.9,777.3,55.99,42.05,0
2351,1013.7,777.0,55.97,41.96,0
2352,1013.5,776.7,55.96,41.87,0
2353,1013.3,776.4,55.94,41.78,0
2354,1013.0,776.1,55.92,41.69,0
2355,1012.8,775.8,55.91,41.6,0
2356,1012.6,775.5,55.89,41.5,1
2357,1011.5,775.2,55.81,41.4,0
2358,1010.4,774.8,55.72,41.3,0
2359,1009.3,774.5,55.64,41.19,0
2360,1008.2,774.1,55.55,41.09,0
2361,1007.1,773.8,55.46,40.99,1
2362,1005.1,773.7,55.31,40.96,0
2363,1003.1,773.6,55.15,40.93,0
2364,1001.1,773.5,54.99,40.9,0
2365,999.1,773.4,54.83,40.87,0
2366,997.2,773.3,54.67,40.84,0
2367,995.2,773.2,54.51,40.81,0
2368,993.2,773.1,54.35,40.79,0
2369,991.2,773.0,54.19,40.76,0
2370,989.2,772.9,54.04,40.73,0
2371,987.2,772.8,53.88,40.7,1
2372,986.0,772.7,53.78,40.66,0
2373,984.7,772.5,53.67,40.61,0
2374,983.5,772.4,53.57,40.57,0
2375,982.2,772.2,53.47,40.53,0
2376,981.0,772.1,53.37,40.49,0
2377,979.7,772.0,53.27,40.44,0
2378,978.5,771.8,53.17,40.4,0
2379,977.2,771.7,53.07,40.36,0
2380,976.0,771.5,52.97,40.32,0
2381,974.7,771.4,52.87,40.27,1
2382,973.6,771.3,52.78,40.23,0
2383,972.5,771.1,52.68,40.18,0
2384,971.3,771.0,52.59,40.14,0
2385,970.2,770.8,52.5,40.09,0
2386,969.1,770.7,52.41,40.05,0
2387,968.0,770.5,52.32,40.0,0
2388,966.9,770.4,52.23,39.96,0
2389,965.8,770.2,52.14,39.91,0
2390,964.6,770.1,52.04,39.87,0
2391,963.5,769.9,51.95,39.82,0
2392,962.4,769.8,51.86,39.78,1
2393,961.1,769.7,51.76,39.75,0
2394,959.9,769.6,51.65,39.72,0
2395,958.6,769.5,51.55,39.69,0
2396,957.3,769.4,51.45,39.66,0
2397,956.1,769.3,51.34,39.63,0
2398,954.8,769.2,51.24,39.6,0
2399,953.6,769.1,51.13,39.56,0
2400,952.3,769.0,51.03,39.53,0
2401,951.0,768.9,50.93,39.5,0
2402,949.8,768.8,50.82,39.47,0
2403,948.5,768.7,50.72,39.44,1
2404,947.4,768.7,50.62,39.44,0
2405,946.2,768.7,50.53,39.44,0
2406,945.1,768.7,50.44,39.45,0
2407,943.9,768.7,50.35,39.45,0
2408,942.8,768.7,50.25,39.45,1
2409,942.5,768.7,50.23,39.45,1
2410,936.2,767.3,49.69,39.01,0
2411,930.0,766.0,49.15,38.57,0
2412,923.7,764.6,48.6,38.12,1
2413,919.1,764.2,48.21,38.0,0
2414,914.4,763.9,47.81,37.88,0
2415,909.8,763.5,47.42,37.76,0
2416,905.1,763.1,47.02,37.64,0
2417,900.5,762.7,46.62,37.52,0
2418,895.8,762.4,46.22,37.4,0
2419,891.1,762.0,45.81,37.28,0
2420,886.5,761.6,45.41,37.15,1
2421,888.1,761.5,45.54,37.12,0
2422,889.6,761.4,45.67,37.08,0
2423,891.2,761.3,45.8,37.05,1
2424,892.2,761.2,45.88,37.02,0
2425,893.2,761.1,45.96,36.99,0
2426,894.3,761.1,46.05,36.97,0
2427,895.3,761.0,46.13,36.94,1
2428,896.3,760.6,46.2,36.81,0
2429,897.3,760.2,46.27,36.67,0
2430,898.2,759.9,46.34,36.54,0
2431,899.2,759.5,46.41,36.41,0
2432,900.2,759.1,46.48,36.27,0
2433,901.2,758.7,46.56,36.14,0
2434,902.2,758.3,46.63,36.01,0
2435,903.1,758.0,46.7,35.87,0
2436,904.1,757.6,46.77,35.74,0
2437,905.1,757.2,46.84,35.6,1
2438,908.7,756.4,47.13,35.32,0
2439,912.3,755.7,47.41,35.05,0
2440,915.9,754.9,47.7,34.77,0
2441,919.5,754.1,47.99,34.48,0
2442,923.1,753.4,48.29,34.2,0
2443,926.7,752.6,48.58,33.92,1
2444,929.0,752.0,48.76,33.68,0
2445,931.3,751.3,48.95,33.43,0
2446,933.6,750.7,49.14,33.19,0
2447,935.9,750.0,49.33,32.95,0
2448,938.2,749.4,49.51,32.7,0
2449,940.5,748.7,49.7,32.46,0
2450,942.8,748.1,49.89,32.21,0
2451,945.1,747.4,50.09,31.96,0
2452,947.4,746.8,50.28,31.71,1
2453,949.2,746.4,50.43,31.55,0
2454,951.0,746.0,50.59,31.4,0
2455,952.8,745.6,50.75,31.24,0
2456,954.7,745.2,50.9,31.08,0
2457,956.5,744.8,51.06,30.92,0
2458,958.3,744.4,51.22,30.76,1
2459,961.8,744.1,51.53,30.65,0
2460,965.3,743.8,51.84,30.54,0
2461,968.8,743.6,52.15,30.42,0
2462,972.3,743.3,52.46,30.31,0
2463,975.8,743.0,52.78,30.19,1
2464,978.8,743.2,53.05,30.27,0
2465,981.9,743.4,53.33,30.35,0
2466,984.9,743.6,53.6,30.43,0
2467,988.0,743.9,53.87,30.52,0
2468,991.0,744.1,54.15,30.6,0
2469,994.0,744.3,54.42,30.68,0
2470,997.1,744.5,54.69,30.76,0
2471,1000.1,744.7,54.96,30.84,1
2472,1003.0,744.5,55.22,30.76,0
2473,1005.9,744.3,55.48,30.69,0
2474,1008.8,744.2,55.74,30.61,0
2475,1011.7,744.0,56.0,30.54,0
2476,1014.6,743.8,56.26,30.46,0
2477,1017.5,743.6,56.52,30.39,1
2478,1021.0,744.1,56.83,30.58,0
2479,1024.4,744.6,57.14,30.77,0
2480,1027.9,745.1,57.44,30.96,0
2481,1031.4,745.6,57.74,31.15,0
2482,1034.9,746.1,58.04,31.34,0
2483,1038.3,746.6,58.34,31.53,0
2484,1041.8,747.1,58.64,31.72,1
2485,1047.0,748.2,59.08,32.13,0
2486,1052.3,749.3,59.52,32.54,0
2487,1057.5,750.4,59.95,32.94,0
2488,1062.7,751.4,60.38,33.33,0
2489,1067.9,752.5,60.8,33.73,0
2490,1073.2,753.6,61.22,34.12,0
2491,1078.4,754.7,61.64,34.51,1
2492,1078.6,753.9,61.68,34.23,0
2493,1078.7,753.2,61.71,33.95,0
2494,1078.9,752.4,61.75,33.68,0
2495,1079.0,751.7,61.78,33.4,0
2496,1079.2,750.9,61.82,33.11,1
2497,1079.4,750.8,61.84,33.08,0
2498,1079.7,750.7,61.87,33.05,0
2499,1079.9,750.6,61.89,33.02,0
2500,1080.1,750.6,61.91,32.99,0
2501,1080.4,750.5,61.93,32.96,0
2502,1080.6,750.4,61.96,32.93,1
2503,1080.3,750.5,61.93,32.97,0
2504,1080.0,750.6,61.9,33.02,0
2505,1079.8,750.8,61.87,33.07,0
2506,1079.5,750.9,61.85,33.11,1
2507,1079.0,750.8,61.8,33.08,0
2508,1078.4,750.7,61.76,33.05,0
2509,1077.8,750.6,61.71,33.01,0
2510,1077.3,750.5,61.67,32.98,0
2511,1076.8,750.4,61.62,32.94,0
2512,1076.2,750.3,61.58,32.91,0
2513,1075.7,750.2,61.53,32.88,0
2514,1075.1,750.2,61.49,32.84,0
2515,1074.5,750.1,61.44,32.81,0
2516,1074.0,750.0,61.4,32.77,0
2517,1073.5,749.9,61.35,32.74,0
2518,1072.9,749.8,61.31,32.71,0
2519,1072.3,749.7,61.26,32.67,0
2520,1071.8,749.6,61.21,32.64,1
2521,1072.8,750.2,61.28,32.87,0
2522,1073.8,750.9,61.35,33.11,0
2523,1074.8,751.5,61.42,33.34,1
2524,1075.1,752.3,61.42,33.63,0
2525,1075.3,753.1,61.42,33.92,0
2526,1075.6,753.9,61.42,34.21,0
2527,1075.9,754.7,61.43,34.49,0
2528,1076.2,755.5,61.43,34.78,0
2529,1076.4,756.2,61.43,35.06,0
2530,1076.7,757.0,61.43,35.34,0
2531,1077.0,757.8,61.43,35.62,0
2532,1077.2,758.6,61.43,35.89,0
2533,1077.5,759.4,61.43,36.17,1
2534,1078.0,760.0,61.46,36.38,0
2535,1078.5,760.6,61.48,36.58,0
2536,1079.0,761.2,61.51,36.79,0
2537,1079.6,761.8,61.54,36.99,0
2538,1080.1,762.4,61.56,37.19,0
2539,1080.6,763.0,61.59,37.4,0
2540,1081.1,763.6,61.61,37.6,0
2541,1081.6,764.2,61.64,37.8,0
2542,1082.1,764.8,61.66,38.0,0
2543,1082.6,765.4,61.69,38.2,0
2544,1083.1,766.0,61.72,38.39,0
2545,1083.7,766.6,61.74,38.59,0
2546,1084.2,767.2,61.77,38.79,0
2547,1084.7,767.8,61.79,38.98,0
2548,1085.2,768.4,61.82,39.17,1
2549,1085.7,769.0,61.84,39.38,0
2550,1086.3,769.7,61.87,39.59,0
2551,1086.8,770.4,61.89,39.8,0
2552,1087.4,771.0,61.92,40.01,0
2553,1087.9,771.6,61.94,40.21,0
2554,1088.4,772.3,61.97,40.41,0
2555,1089.0,772.9,61.99,40.62,0
2556,1089.5,773.6,62.02,40.82,0
2557,1090.1,774.2,62.04,41.02,0
2558,1090.6,774.9,62.06,41.22,1
2559,1091.0,775.3,62.09,41.34,0
2560,1091.4,775.7,62.11,41.46,0
2561,1091.8,776.1,62.13,41.58,0
2562,1092.2,776.5,62.15,41.7,0
2563,1092.7,776.8,62.17,41.81,0
2564,1093.1,777.2,62.19,41.93,0
2565,1093.5,777.6,62.21,42.05,0
2566,1093.9,778.0,62.23,42.17,0
2567,1094.3,778.4,62.25,42.28,0
2568,1094.7,778.8,62.27,42.4,1
2569,1095.3,779.9,62.29,42.72,0
2570,1096.0,781.0,62.31,43.04,0
2571,1096.6,782.0,62.33,43.35,0
2572,1097.2,783.1,62.34,43.66,1
2573,1097.5,784.2,62.34,43.98,0
2574,1097.9,785.3,62.33,44.29,0
2575,1098.2,786.4,62.33,44.6,0
2576,1098.5,787.5,62.32,44.91,0
2577,1098.8,788.6,62.31,45.22,0
2578,1099.2,789.7,62.31,45.52,0
2579,1099.5,790.8,62.3,45.82,0
2580,1099.8,791.9,62.3,46.12,0
2581,1100.1,792.9,62.29,46.42,0
2582,1100.5,794.0,62.28,46.71,0
2583,1100.8,795.1,62.28,47.01,0
2584,1101.1,796.2,62.27,47.3,0
2585,1101.4,797.3,62.27,47.58,0
2586,1101.8,798.4,62.26,47.87,0
2587,1102.1,799.5,62.26,48.15,0
2588,1102.4,800.6,62.25,48.44,1
2589,1098.6,803.5,61.9,49.19,0
2590,1094.8,806.5,61.56,49.93,0
2591,1091.0,809.4,61.23,50.65,0
2592,1087.2,812.4,60.9,51.36,0
2593,1083.4,815.3,60.58,52.06,0
2594,1079.6,818.2,60.26,52.74,0
2595,1075.8,821.2,59.95,53.41,0
2596,1072.0,824.1,59.65,54.07,0
2597,1068.2,827.0,59.35,54.72,0
2598,1064.4,830.0,59.05,55.35,0
2599,1060.6,832.9,58.77,55.98,0
2600,1056.8,835.9,58.48,56.59,0
2601,1053.0,838.8,58.2,57.19,1
2602,1050.5,841.8,58.01,57.8,0
2603,1048.1,844.8,57.83,58.39,0
2604,1045.6,847.8,57.64,58.97,1
2605,1042.6,850.3,57.43,59.45,0
2606,1039.5,852.8,57.22,59.92,0
2607,1036.5,855.3,57.02,60.39,0
2608,1033.4,857.8,56.82,60.85,0
2609,1030.4,860.3,56.62,61.3,0
2610,1027.3,862.9,56.42,61.75,0
2611,1024.3,865.4,56.23,62.19,0
2612,1021.2,867.9,56.03,62.62,0
2613,1018.2,870.4,55.84,63.05,0
2614,1015.1,872.9,55.66,63.48,0
2615,1012.1,875.4,55.47,63.89,1
2616,1010.2,877.7,55.36,64.27,0
2617,1008.2,880.1,55.24,64.65,0
2618,1006.3,882.4,55.13,65.02,1
2619,1008.3,881.9,55.24,64.94,0
2620,1010.3,881.4,55.36,64.86,0
2621,1012.3,880.9,55.47,64.78,0
2622,1014.3,880.4,55.59,64.7,0
2623,1016.3,879.9,55.7,64.61,0
2624,1018.3,879.4,55.82,64.53,1
2625,1020.2,879.6,55.93,64.56,0
2626,1022.1,879.8,56.03,64.58,0
2627,1024.0,880.0,56.14,64.61,0
2628,1026.0,880.1,56.25,64.64,0
2629,1027.9,880.3,56.36,64.66,0
2630,1029.8,880.5,56.47,64.69,1
2631,1031.0,881.0,56.53,64.77,0
2632,1032.1,881.5,56.6,64.85,0
2633,1033.3,882.0,56.66,64.93,0
2634,1034.5,882.6,56.72,65.01,0
2635,1035.7,883.1,56.78,65.09,0
2636,1036.8,883.6,56.85,65.17,0
2637,1038.0,884.1,56.91,65.25,1
2638,1035.4,884.3,56.76,65.28,0
2639,1032.8,884.5,56.62,65.31,0
2640,1030.2,884.7,56.47,65.34,0
2641,1027.6,884.8,56.32,65.37,0
2642,1025.0,885.0,56.17,65.41,0
2643,1022.4,885.2,56.03,65.44,1
2644,1021.0,885.7,55.95,65.52,0
2645,1019.7,886.3,55.87,65.61,0
2646,1018.3,886.8,55.79,65.7,0
2647,1017.0,887.4,55.71,65.78,0
2648,1015.6,887.9,55.64,65.86,1
2649,1014.0,888.0,55.55,65.88,0
2650,1012.4,888.0,55.46,65.89,0
2651,1010.8,888.1,55.37,65.9,0
2652,1009.2,888.1,55.28,65.91,0
2653,1007.6,888.2,55.19,65.92,0
2654,1006.0,888.3,55.1,65.94,0
2655,1004.5,888.3,55.01,65.95,0
2656,1002.9,888.4,54.92,65.96,0
2657,1001.3,888.5,54.84,65.97,0
2658,999.7,888.5,54.75,65.98,0
2659,998.1,888.6,54.66,65.99,0
2660,996.5,888.6,54.57,66.01,0
2661,994.9,888.7,54.48,66.02,1
2662,993.2,888.8,54.38,66.03,0
2663,991.5,888.9,54.29,66.04,0
2664,989.7,888.9,54.19,66.06,0
2665,988.0,889.0,54.1,66.07,1
2666,990.3,888.4,54.22,65.97,0
2667,992.5,887.7,54.35,65.87,0
2668,994.8,887.1,54.48,65.77,0
2669,997.1,886.5,54.6,65.67,0
2670,999.4,885.9,54.73,65.57,0
2671,1001.6,885.2,54.86,65.47,0
2672,1003.9,884.6,54.99,65.37,1
2673,1004.8,883.6,55.04,65.22,0
2674,1005.6,882.7,55.09,65.07,0
2675,1006.5,881.8,55.14,64.92,0
2676,1007.4,880.8,55.19,64.77,1
2677,1007.1,880.2,55.18,64.67,0
2678,1006.9,879.5,55.16,64.57,0
2679,1006.6,878.9,55.15,64.47,0
2680,1006.3,878.3,55.14,64.37,0
2681,1006.1,877.6,55.12,64.26,0
2682,1005.8,877.0,55.11,64.16,0
2683,1005.5,876.4,55.09,64.06,0
2684,1005.3,875.7,55.08,63.96,0
2685,1005.0,875.1,55.06,63.85,1
2686,1006.8,874.0,55.17,63.68,0
2687,1008.6,873.0,55.28,63.5,0
2688,1010.5,872.0,55.39,63.33,0
2689,1012.3,870.9,55.5,63.15,0
2690,1014.1,869.8,55.61,62.97,0
2691,1015.9,868.8,55.72,62.79,1
2692,1017.2,867.9,55.8,62.63,0
2693,1018.5,867.0,55.88,62.48,0
2694,1019.9,866.1,55.96,62.32,0
2695,1021.2,865.2,56.04,62.16,0
2696,1022.5,864.3,56.12,62.0,0
2697,1023.8,863.3,56.21,61.84,0
2698,1025.1,862.4,56.29,61.68,0
2699,1026.4,861.5,56.37,61.52,0
2700,1027.8,860.6,56.46,61.35,0
2701,1029.1,859.7,56.54,61.19,0
2702,1030.4,858.8,56.63,61.03,0
2703,1031.7,857.9,56.71,60.86,1
2704,1032.6,856.9,56.77,60.69,0
2705,1033.5,856.0,56.84,60.51,0
2706,1034.5,855.0,56.9,60.34,0
2707,1035.4,854.1,56.96,60.16,0
2708,1036.3,853.1,57.03,59.99,0
2709,1037.2,852.2,57.09,59.81,0
2710,1038.2,851.2,57.15,59.63,0
2711,1039.1,850.3,57.22,59.45,1
2712,1040.0,849.5,57.28,59.3,0
2713,1040.8,848.7,57.34,59.15,0
2714,1041.7,848.0,57.4,59.0,0
2715,1042.5,847.2,57.46,58.85,0
2716,1043.4,846.4,57.52,58.7,1
2717,1034.7,842.9,57.0,58.04,0
2718,1026.0,839.4,56.47,57.36,0
2719,1017.3,835.9,55.93,56.66,0
2720,1008.6,832.4,55.38,55.95,0
2721,999.9,829.0,54.82,55.22,0
2722,991.2,825.5,54.24,54.48,0
2723,982.6,822.0,53.65,53.72,0
2724,973.9,818.5,53.05,52.95,0
2725,965.2,815.0,52.43,52.15,0
2726,956.5,811.5,51.8,51.34,0
2727,947.8,808.0,51.15,50.51,0
2728,939.1,804.5,50.49,49.66,0
2729,930.4,801.0,49.81,48.78,0
2730,921.7,797.5,49.12,47.89,0
2731,913.0,794.1,48.41,46.97,0
2732,904.3,790.6,47.68,46.03,0
2733,895.6,787.1,46.93,45.07,0
2734,886.9,783.6,46.16,44.08,0
2735,878.2,780.1,45.38,43.07,0
2736,869.5,776.6,44.57,42.03,0
2737,860.9,773.1,43.74,40.96,0
2738,852.2,769.6,42.89,39.86,0
2739,843.5,766.1,42.01,38.74,0
2740,834.8,762.7,41.11,37.58,0
2741,826.1,759.2,40.18,36.39,0
2742,817.4,755.7,39.23,35.16,0
2743,808.7,752.2,38.25,33.9,0
2744,800.0,748.7,37.24,32.6,1
2745,796.6,747.7,36.87,32.23,0
2746,793.3,746.7,36.5,31.85,0
2747,789.9,745.7,36.12,31.47,0
2748,786.6,744.8,35.74,31.09,0
2749,783.2,743.8,35.36,30.7,0
2750,779.9,742.8,34.97,30.31,0
2751,776.5,741.8,34.58,29.92,0
2752,773.2,740.8,34.19,29.53,0
2753,769.8,739.8,33.79,29.13,0
2754,766.5,738.8,33.39,28.72,0
2755,763.1,737.9,32.99,28.32,0
2756,759.8,736.9,32.58,27.91,0
2757,756.4,735.9,32.17,27.49,0
2758,753.1,734.9,31.75,27.08,0
2759,749.7,733.9,31.33,26.66,0
2760,746.4,732.9,30.91,26.23,0
2761,743.0,731.9,30.48,25.8,0
2762,739.7,731.0,30.05,25.37,0
2763,736.3,730.0,29.62,24.93,0
2764,733.0,729.0,29.18,24.49,0
2765,729.6,728.0,28.74,24.05,1
2766,726.7,727.2,28.36,23.69,0
2767,723.8,726.4,27.99,23.33,0
2768,720.9,725.7,27.6,22.97,0
2769,718.1,724.9,27.22,22.61,0
2770,715.2,724.1,26.83,22.25,0
2771,712.3,723.3,26.44,21.88,0
2772,709.4,722.5,26.05,21.51,0
2773,706.5,721.8,25.65,21.13,0
2774,703.6,721.0,25.26,20.76,0
2775,700.7,720.2,24.85,20.38,0
2776,697.8,719.4,24.45,20.0,0
2777,695.0,718.6,24.04,19.61,0
2778,692.1,717.9,23.63,19.22,0
2779,689.2,717.1,23.22,18.83,0
2780,686.3,716.3,22.8,18.44,1
2781,683.9,715.4,22.41,17.97,0
2782,681.5,714.5,22.02,17.5,0
2783,679.2,713.5,21.62,17.02,0
2784,676.8,712.6,21.22,16.54,0
2785,674.4,711.7,20.81,16.05,0
2786,672.0,710.8,20.41,15.56,0
2787,669.6,709.9,19.99,15.07,0
2788,667.2,709.0,19.58,14.57,0
2789,664.9,708.0,19.16,14.06,0
2790,662.5,707.1,18.74,13.55,0
2791,660.1,706.2,18.31,13.04,1
2792,657.5,706.9,18.16,13.45,0
2793,654.8,707.7,18.0,13.86,0
2794,652.2,708.4,17.85,14.27,1
2795,649.8,707.2,17.38,13.63,0
2796,647.5,706.1,16.9,12.98,0
2797,645.1,704.9,16.42,12.32,0
2798,642.8,703.8,15.93,11.66,0
2799,640.4,702.6,15.44,10.98,1
2800,638.4,702.2,15.14,10.78,0
2801,636.3,701.9,14.84,10.57,0
2802,634.3,701.6,14.54,10.37,0
2803,632.3,701.2,14.24,10.16,0
2804,630.3,700.9,13.93,9.95,0
2805,628.2,700.5,13.63,9.74,0
2806,626.2,700.2,13.32,9.54,0
2807,624.2,699.8,13.02,9.33,0
2808,622.1,699.5,12.71,9.11,0
2809,620.1,699.1,12.4,8.9,0
2810,618.1,698.8,12.09,8.69,0
2811,616.1,698.4,11.78,8.48,0
2812,614.0,698.1,11.47,8.26,0
2813,612.0,697.7,11.16,8.05,1
2814,610.1,697.4,10.87,7.88,0
2815,608.2,697.2,10.59,7.72,0
2816,606.3,696.9,10.31,7.55,0
2817,604.4,696.6,10.02,7.38,0
2818,602.5,696.4,9.74,7.21,0
2819,600.5,696.1,9.45,7.04,0
2820,598.6,695.8,9.16,6.87,0
2821,596.7,695.5,8.87,6.71,0
2822,594.8,695.3,8.58,6.53,0
2823,592.9,695.0,8.29,6.36,1
2824,591.2,694.8,8.03,6.22,0
2825,589.4,694.6,7.77,6.08,0
2826,587.7,694.3,7.51,5.94,0
2827,585.9,694.1,7.25,5.79,0
2828,584.2,693.9,6.99,5.65,0
2829,582.4,693.7,6.72,5.51,0
2830,580.7,693.4,6.46,5.36,0
2831,578.9,693.2,6.19,5.22,0
2832,577.2,693.0,5.93,5.07,0
2833,575.4,692.8,5.66,4.93,0
2834,573.7,692.5,5.39,4.78,0
2835,571.9,692.3,5.12,4.64,0
2836,570.2,692.1,4.86,4.49,0
2837,568.4,691.9,4.59,4.35,0
2838,566.7,691.6,4.32,4.2,0
2839,564.9,691.4,4.05,4.05,0
2840,563.2,691.2,3.77,3.9,0
2841,561.5,691.0,3.5,3.76,0
2842,559.7,690.8,3.23,3.61,0
2843,558.0,690.5,2.96,3.46,0
2844,556.2,690.3,2.68,3.31,0
2845,554.5,690.1,2.41,3.16,0
2846,552.7,689.9,2.13,3.01,0
2847,551.0,689.6,1.85,2.86,0
2848,549.2,689.4,1.58,2.71,0
2849,547.5,689.2,1.3,2.56,0
2850,545.7,689.0,1.02,2.4,0
2851,544.0,688.7,0.74,2.25,0
2852,542.2,688.5,0.46,2.1,0
2853,540.5,688.3,0.18,1.95,0
2854,538.7,688.1,-0.1,1.79,0
2855,537.0,687.8,-0.38,1.64,0
2856,535.2,687.6,-0.67,1.49,0
2857,533.5,687.4,-0.95,1.33,1
2858,531.8,687.8,-1.05,1.57,0
2859,530.0,688.1,-1.16,1.81,0
2860,528.3,688.5,-1.26,2.05,0
2861,526.6,688.8,-1.36,2.29,0
2862,524.8,689.1,-1.46,2.53,0
2863,523.1,689.5,-1.57,2.77,1
2864,521.3,689.6,-1.75,2.83,0
2865,519.6,689.7,-1.94,2.89,0
2866,517.8,689.8,-2.13,2.96,0
2867,516.0,689.9,-2.31,3.02,0
2868,514.2,690.0,-2.5,3.08,0
2869,512.5,690.0,-2.68,3.14,0
2870,510.7,690.1,-2.87,3.21,0
2871,508.9,690.2,-3.06,3.27,0
2872,507.1,690.3,-3.24,3.33,0
2873,505.4,690.4,-3.43,3.39,0
2874,503.6,690.5,-3.61,3.45,0
2875,501.8,690.6,-3.8,3.51,1
2876,500.4,690.8,-3.91,3.65,0
2877,499.0,691.0,-4.01,3.78,0
2878,497.5,691.2,-4.12,3.92,0
2879,496.1,691.4,-4.23,4.05,1
